review_text,rating,date,bank_name,source
"""Why don’t your ATMs support account-to-account transfers like other countries( Kenya, Nigeria , South africa)""",4,2025-06-06,Commercial Bank of Ethiopia,Google Play
what is this app problem???,1,2025-06-05,Commercial Bank of Ethiopia,Google Play
the app is proactive and a good connections.,5,2025-06-05,Commercial Bank of Ethiopia,Google Play
I cannot send to cbebirr app. through this app.,3,2025-06-05,Commercial Bank of Ethiopia,Google Play
good,4,2025-06-05,Commercial Bank of Ethiopia,Google Play
not functional,1,2025-06-05,Commercial Bank of Ethiopia,Google Play
"everytime you uninstall the app you have to reach them out physically. very oldy! if that's one of security layer, they'd check for fraud attempt via app source directly(source:- app store, play store ... etc) implicitly ! we are in 2025, physical presence for every app install is traditional(traditionally very rare).",1,2025-06-04,Commercial Bank of Ethiopia,Google Play
አካውንት የምናስገባበት ቦታ ስም ጽፈን ነው ከዚህ በፊት የላክንባቸውን አካዉንቶች የምንፈልገዉ ነገር ግን አዲስ አካውንቶች mr ብለዉ የሚጀምሩ በዝተዋል ግን አፕልኬሽኑ space ስንጽፍ አይቀበልም ቢስተካከል,4,2025-06-04,Commercial Bank of Ethiopia,Google Play
best,5,2025-06-04,Commercial Bank of Ethiopia,Google Play
bezabih,5,2025-06-04,Commercial Bank of Ethiopia,Google Play
Best Mobile Banking app ever,5,2025-06-04,Commercial Bank of Ethiopia,Google Play
good,5,2025-06-04,Commercial Bank of Ethiopia,Google Play
it was good app but it have some issues like it doesnt give me the right amount that I have in the bank and have some issues in transferring,2,2025-06-04,Commercial Bank of Ethiopia,Google Play
good,5,2025-06-04,Commercial Bank of Ethiopia,Google Play
Good,5,2025-06-04,Commercial Bank of Ethiopia,Google Play
👌👍,5,2025-06-04,Commercial Bank of Ethiopia,Google Play
very niec,5,2025-06-04,Commercial Bank of Ethiopia,Google Play
best app of finance,5,2025-06-04,Commercial Bank of Ethiopia,Google Play
yetemeta,1,2025-06-03,Commercial Bank of Ethiopia,Google Play
Engida Kebede Fetera,5,2025-06-03,Commercial Bank of Ethiopia,Google Play
good,5,2025-06-03,Commercial Bank of Ethiopia,Google Play
it is not safety,1,2025-06-03,Commercial Bank of Ethiopia,Google Play
NICE bank,5,2025-06-03,Commercial Bank of Ethiopia,Google Play
it is like a childish app make it better the worst I have ever seen,1,2025-06-02,Commercial Bank of Ethiopia,Google Play
"It's a problem solver application, go ahead CBE, I love so much.",5,2025-06-02,Commercial Bank of Ethiopia,Google Play
It's good but try to make it facilitate for your client,4,2025-06-02,Commercial Bank of Ethiopia,Google Play
best app,5,2025-06-01,Commercial Bank of Ethiopia,Google Play
Awesome bank,5,2025-06-01,Commercial Bank of Ethiopia,Google Play
this app has developed in a very good ways but there are some comments I need to make 1- preventing the screenshot likely not good for someone like me coz I need to make screenshot for quicker evidence. 2-it would be good if you make us to access recent transaction histories for 30 days coz we don't have to go to the Bank's in person to see old transactions or add colander category so user can easily access old transactions through colanders.,5,2025-05-31,Commercial Bank of Ethiopia,Google Play
Masha alla,5,2025-05-31,Commercial Bank of Ethiopia,Google Play
"Recently there is big problem when sending to safaricom, telebir, and even to cbebirr wallet could anybody who is responsible fix it, it's very frustrating it's been 5 days and my money hasn't been returned it takes it out of my account but doesn't send it to my mpesa update- they have just corrected it and sent me back the money but still I'm afraid now to send again",2,2025-05-31,Commercial Bank of Ethiopia,Google Play
better service,5,2025-05-31,Commercial Bank of Ethiopia,Google Play
"it,s good app and time manager 👍",5,2025-05-30,Commercial Bank of Ethiopia,Google Play
malkaamuu Jiidhaa Namoo,5,2025-05-30,Commercial Bank of Ethiopia,Google Play
lower system everything,3,2025-05-30,Commercial Bank of Ethiopia,Google Play
Nice!,5,2025-05-30,Commercial Bank of Ethiopia,Google Play
Keep it up My CBE,5,2025-05-29,Commercial Bank of Ethiopia,Google Play
yes good,5,2025-05-28,Commercial Bank of Ethiopia,Google Play
"I was using this app for the last two years with no problems. It stopped working about 3 months ago. when I tried to transfer funds it gives me error ""can't do this transaction. inactive account.""",4,2025-05-27,Commercial Bank of Ethiopia,Google Play
i like everything of this app,5,2025-05-27,Commercial Bank of Ethiopia,Google Play
good,5,2025-05-27,Commercial Bank of Ethiopia,Google Play
🤬🤬🤬🤬 network 🛜,1,2025-05-26,Commercial Bank of Ethiopia,Google Play
Best,5,2025-05-26,Commercial Bank of Ethiopia,Google Play
CBE is the best financial application and and very dimple to use. I would like to say thank you so much for the developer of application. I really appreciate this app.,5,2025-05-26,Commercial Bank of Ethiopia,Google Play
nice,5,2025-05-26,Commercial Bank of Ethiopia,Google Play
good job,5,2025-05-26,Commercial Bank of Ethiopia,Google Play
Good,5,2025-05-25,Commercial Bank of Ethiopia,Google Play
it's awesome!!,5,2025-05-25,Commercial Bank of Ethiopia,Google Play
best,5,2025-05-25,Commercial Bank of Ethiopia,Google Play
thankyou every one,5,2025-05-25,Commercial Bank of Ethiopia,Google Play
best app,5,2025-05-25,Commercial Bank of Ethiopia,Google Play
Ronaldo 🇵🇹 🥇,5,2025-05-25,Commercial Bank of Ethiopia,Google Play
"this app is absolutely fantastic I love it and I enjoying to it ,let us support this foundation together .",5,2025-05-25,Commercial Bank of Ethiopia,Google Play
"The CBE app has been highly unreliable in recent weeks. It frequently fails to work properly on both Ethio Telecom and Safaricom networks, whether using Wi-Fi or mobile data. This week, the system was down entirely for extended periods, making it very difficult to access banking services. The app only functions intermittently, and the lack of consistency is frustrating. I hope the issues are addressed soon, and that any non-technical influences are removed from such essential services.",2,2025-05-25,Commercial Bank of Ethiopia,Google Play
mortuary app,5,2025-05-25,Commercial Bank of Ethiopia,Google Play
it is smart app but it has stoped after some period of time on my device with out any reason .,5,2025-05-25,Commercial Bank of Ethiopia,Google Play
amazing app I am used this app for one year,4,2025-05-24,Commercial Bank of Ethiopia,Google Play
👍,5,2025-05-24,Commercial Bank of Ethiopia,Google Play
good app,5,2025-05-24,Commercial Bank of Ethiopia,Google Play
i love it 😍😘,5,2025-05-24,Commercial Bank of Ethiopia,Google Play
It makes life easy!👌,5,2025-05-24,Commercial Bank of Ethiopia,Google Play
its not fast,1,2025-05-24,Commercial Bank of Ethiopia,Google Play
wow,4,2025-05-24,Commercial Bank of Ethiopia,Google Play
it is sooo good,5,2025-05-24,Commercial Bank of Ethiopia,Google Play
excellent,5,2025-05-24,Commercial Bank of Ethiopia,Google Play
ok,1,2025-05-24,Commercial Bank of Ethiopia,Google Play
Fantastic,5,2025-05-23,Commercial Bank of Ethiopia,Google Play
accessible to using,5,2025-05-23,Commercial Bank of Ethiopia,Google Play
I like it,4,2025-05-23,Commercial Bank of Ethiopia,Google Play
good,5,2025-05-23,Commercial Bank of Ethiopia,Google Play
why you change default network?,5,2025-05-23,Commercial Bank of Ethiopia,Google Play
very nice 👍,5,2025-05-23,Commercial Bank of Ethiopia,Google Play
good,5,2025-05-23,Commercial Bank of Ethiopia,Google Play
nice fast app,5,2025-05-23,Commercial Bank of Ethiopia,Google Play
good,5,2025-05-23,Commercial Bank of Ethiopia,Google Play
best,5,2025-05-23,Commercial Bank of Ethiopia,Google Play
how to I get my money,5,2025-05-23,Commercial Bank of Ethiopia,Google Play
"Very bad, can't even load they need to improve their services.",1,2025-05-22,Commercial Bank of Ethiopia,Google Play
"Very good app, but please make it reliable . it crashes sometimes .",4,2025-05-22,Commercial Bank of Ethiopia,Google Play
very busy I don't know why... I prefer 889,3,2025-05-22,Commercial Bank of Ethiopia,Google Play
"Sometimes it has a nasty lag for several hour fix that , the rest is 👌",4,2025-05-22,Commercial Bank of Ethiopia,Google Play
the most boring Mobil banking application in ethiopia.Please use alternative private banks mobile banking apps,1,2025-05-22,Commercial Bank of Ethiopia,Google Play
hojii bonsaadha,5,2025-05-22,Commercial Bank of Ethiopia,Google Play
ok,5,2025-05-22,Commercial Bank of Ethiopia,Google Play
ok,5,2025-05-22,Commercial Bank of Ethiopia,Google Play
user-friendly apps.because this app is easy.,5,2025-05-22,Commercial Bank of Ethiopia,Google Play
Awosome!!!,5,2025-05-22,Commercial Bank of Ethiopia,Google Play
"Very good app,",5,2025-05-22,Commercial Bank of Ethiopia,Google Play
sync problem may 22 2025 but the date stack on may 8 2025 help pls,5,2025-05-22,Commercial Bank of Ethiopia,Google Play
ይህ መተግበሪያ በጣም ጥሩ ነው. this app is very nice,5,2025-05-22,Commercial Bank of Ethiopia,Google Play
I hate this app 😒,1,2025-05-22,Commercial Bank of Ethiopia,Google Play
trustful,5,2025-05-22,Commercial Bank of Ethiopia,Google Play
I like,5,2025-05-22,Commercial Bank of Ethiopia,Google Play
update issue,4,2025-05-22,Commercial Bank of Ethiopia,Google Play
its not working over safari network,1,2025-05-22,Commercial Bank of Ethiopia,Google Play
oldie,1,2025-05-22,Commercial Bank of Ethiopia,Google Play
it doesn't work,1,2025-05-21,Commercial Bank of Ethiopia,Google Play
best,5,2025-05-21,Commercial Bank of Ethiopia,Google Play
"This app is good, and we are using it well",1,2025-05-21,Commercial Bank of Ethiopia,Google Play
ok,5,2025-05-21,Commercial Bank of Ethiopia,Google Play
best app,5,2025-05-21,Commercial Bank of Ethiopia,Google Play
best,5,2025-05-21,Commercial Bank of Ethiopia,Google Play
very nice 👌 app for android phone,5,2025-05-21,Commercial Bank of Ethiopia,Google Play
good app,5,2025-05-21,Commercial Bank of Ethiopia,Google Play
Yes Yes,5,2025-05-21,Commercial Bank of Ethiopia,Google Play
በጣም ከርፋፋ,1,2025-05-21,Commercial Bank of Ethiopia,Google Play
easy to use helpful in my life,5,2025-05-21,Commercial Bank of Ethiopia,Google Play
good 👍,4,2025-05-21,Commercial Bank of Ethiopia,Google Play
the best mobile banking app,5,2025-05-21,Commercial Bank of Ethiopia,Google Play
"this app is very useful app,it saves time,and it is secure",4,2025-05-21,Commercial Bank of Ethiopia,Google Play
ok,2,2025-05-21,Commercial Bank of Ethiopia,Google Play
it's a good application 👍,5,2025-05-21,Commercial Bank of Ethiopia,Google Play
the screenshot and the reffresh options are so annoying that makes transaction so delaying activity !,2,2025-05-21,Commercial Bank of Ethiopia,Google Play
poor service,1,2025-05-21,Commercial Bank of Ethiopia,Google Play
amazing,5,2025-05-20,Commercial Bank of Ethiopia,Google Play
it is reliable and easy to use.,5,2025-05-20,Commercial Bank of Ethiopia,Google Play
the most annoying mobile banking app I've ever seen,1,2025-05-20,Commercial Bank of Ethiopia,Google Play
Cbe mobile banking,5,2025-05-20,Commercial Bank of Ethiopia,Google Play
"i can't make Screenshout in this app, please made modification",5,2025-05-20,Commercial Bank of Ethiopia,Google Play
Best app I loved it,5,2025-05-19,Commercial Bank of Ethiopia,Google Play
nice app,5,2025-05-19,Commercial Bank of Ethiopia,Google Play
wow,5,2025-05-18,Commercial Bank of Ethiopia,Google Play
Amazing applicatiom sometimes doesnt work!,5,2025-05-18,Commercial Bank of Ethiopia,Google Play
well satisfied with this beautiful app,5,2025-05-18,Commercial Bank of Ethiopia,Google Play
very good,4,2025-05-17,Commercial Bank of Ethiopia,Google Play
best app.,5,2025-05-17,Commercial Bank of Ethiopia,Google Play
good,5,2025-05-17,Commercial Bank of Ethiopia,Google Play
"not working,why???",5,2025-05-17,Commercial Bank of Ethiopia,Google Play
Great impact but why Developer option turnoff if you fix 🙏 🙏 🙏,5,2025-05-17,Commercial Bank of Ethiopia,Google Play
excellent,5,2025-05-17,Commercial Bank of Ethiopia,Google Play
always disappointing ! especially the iOS one !! some similar local applications are extremely superior to this application!! Really disappointing!,1,2025-05-17,Commercial Bank of Ethiopia,Google Play
woxe harimo ribiso,5,2025-05-17,Commercial Bank of Ethiopia,Google Play
good,5,2025-05-16,Commercial Bank of Ethiopia,Google Play
"Good ,easy to use",5,2025-05-16,Commercial Bank of Ethiopia,Google Play
Good app,5,2025-05-15,Commercial Bank of Ethiopia,Google Play
Good job👍,5,2025-05-14,Commercial Bank of Ethiopia,Google Play
good,5,2025-05-14,Commercial Bank of Ethiopia,Google Play
nice,5,2025-05-14,Commercial Bank of Ethiopia,Google Play
"Please kindly ask to update the app and allow us to screenshot, it's convenient and efficient as long as you add security to the access there is no reason to block us from screenshooting our screen.",2,2025-05-14,Commercial Bank of Ethiopia,Google Play
I have using the CBE mobile banking app. and overall i appreciate its Feuteres However i.ve Notticed that when i turn on the Developer options on my divice the App.Stop Functioning prorerly It.Would Be Great If You could look into This issue as l often need to access Developer setting for Otter Application ThankYou For Your attention to This Matter,4,2025-05-13,Commercial Bank of Ethiopia,Google Play
customer service is bad nothing is good about this bank,1,2025-05-13,Commercial Bank of Ethiopia,Google Play
It is Amazing Mobile Banking App....But why the screenshot of the receipt doesnt work,5,2025-05-13,Commercial Bank of Ethiopia,Google Play
fast and simple easy to use 👌,5,2025-05-12,Commercial Bank of Ethiopia,Google Play
The fastest transferring app I ever had its so reliable,5,2025-05-11,Commercial Bank of Ethiopia,Google Play
"Funds transferred from the same bank do not reflect in the account, even though a confirmation text message was received.",3,2025-05-11,Commercial Bank of Ethiopia,Google Play
it's easy and fast,5,2025-05-10,Commercial Bank of Ethiopia,Google Play
This app don't have self activation only you have to look near cbe branch that's disgusting,1,2025-05-10,Commercial Bank of Ethiopia,Google Play
hello dearest CBE office personnel make some benefits for those using interest free accounts thanks for your help,5,2025-05-09,Commercial Bank of Ethiopia,Google Play
wow best application ever,5,2025-05-09,Commercial Bank of Ethiopia,Google Play
good,5,2025-05-09,Commercial Bank of Ethiopia,Google Play
"Am sorry but what does developer mode do to the application ? hack it ? are you sure you are developer or are you stupid, doesnt makes sense,",1,2025-05-08,Commercial Bank of Ethiopia,Google Play
Best,4,2025-05-08,Commercial Bank of Ethiopia,Google Play
the pride of Ethiopian bank 🏦,5,2025-05-08,Commercial Bank of Ethiopia,Google Play
why the app telling me to turn of developer options please fix it.,1,2025-05-07,Commercial Bank of Ethiopia,Google Play
good,5,2025-05-07,Commercial Bank of Ethiopia,Google Play
ok,5,2025-05-07,Commercial Bank of Ethiopia,Google Play
i am very happy . i have small prob. after i transfer i cant put the transfer cashe bil to my dic.,5,2025-05-07,Commercial Bank of Ethiopia,Google Play
ok,5,2025-05-07,Commercial Bank of Ethiopia,Google Play
good,3,2025-05-06,Commercial Bank of Ethiopia,Google Play
amazing apps,5,2025-05-06,Commercial Bank of Ethiopia,Google Play
All service of Mobile Banking,5,2025-05-06,Commercial Bank of Ethiopia,Google Play
needs improvement,1,2025-05-06,Commercial Bank of Ethiopia,Google Play
i miss the old one i couldn't send my mony to other bank..,1,2025-05-06,Commercial Bank of Ethiopia,Google Play
the app is recently crushing each time you open and try to make transfers...it used to be good. take lessons from the Dashen Super app or ethiotelecom. it is not befitting of your experience and glory. inv3st in making it more friendly and convenient. I am considering leaving CBE for good.,2,2025-05-06,Commercial Bank of Ethiopia,Google Play
good,5,2025-05-06,Commercial Bank of Ethiopia,Google Play
good but these week not oky,4,2025-05-06,Commercial Bank of Ethiopia,Google Play
well designed! Fixing bugs & two step verification with biometric... simply it's great!,5,2025-05-06,Commercial Bank of Ethiopia,Google Play
Good app,5,2025-05-06,Commercial Bank of Ethiopia,Google Play
If any developer is reading this please fix the screenshot functionality or at least the download button should work flawlessly without me touching it twenty times.,1,2025-05-05,Commercial Bank of Ethiopia,Google Play
"it's a great job.but one more thing, it hasn't been placed for transfer to other banks on face like mobile charge card place",5,2025-05-05,Commercial Bank of Ethiopia,Google Play
CBE mobilr bankg,5,2025-05-05,Commercial Bank of Ethiopia,Google Play
wow,1,2025-05-05,Commercial Bank of Ethiopia,Google Play
verygood,3,2025-05-05,Commercial Bank of Ethiopia,Google Play
ممتاز جدا,5,2025-05-04,Commercial Bank of Ethiopia,Google Play
it's very low quality application,1,2025-05-04,Commercial Bank of Ethiopia,Google Play
Very Amazing Apps,5,2025-05-04,Commercial Bank of Ethiopia,Google Play
አዛ,1,2025-05-04,Commercial Bank of Ethiopia,Google Play
wow simple life,5,2025-05-04,Commercial Bank of Ethiopia,Google Play
it's nice,5,2025-05-03,Commercial Bank of Ethiopia,Google Play
Why stacked sometimes,5,2025-05-03,Commercial Bank of Ethiopia,Google Play
good app,5,2025-05-03,Commercial Bank of Ethiopia,Google Play
nice,5,2025-05-03,Commercial Bank of Ethiopia,Google Play
okay 👍 but sometimes busy,1,2025-05-03,Commercial Bank of Ethiopia,Google Play
the worst commercial company that fails to do even the most normal things again and and again.,1,2025-05-03,Commercial Bank of Ethiopia,Google Play
nice,5,2025-05-03,Commercial Bank of Ethiopia,Google Play
Very good app. but disappointed by general cessation of system.,5,2025-05-02,Commercial Bank of Ethiopia,Google Play
excellent,5,2025-05-02,Commercial Bank of Ethiopia,Google Play
good,5,2025-05-02,Commercial Bank of Ethiopia,Google Play
good,5,2025-05-02,Commercial Bank of Ethiopia,Google Play
Good and fast,5,2025-05-02,Commercial Bank of Ethiopia,Google Play
Unreliable!,1,2025-05-02,Commercial Bank of Ethiopia,Google Play
Best the best fast,5,2025-05-02,Commercial Bank of Ethiopia,Google Play
good app,5,2025-05-02,Commercial Bank of Ethiopia,Google Play
happy,5,2025-05-02,Commercial Bank of Ethiopia,Google Play
fast and reliable,5,2025-05-02,Commercial Bank of Ethiopia,Google Play
network errorrrrrr,2,2025-05-02,Commercial Bank of Ethiopia,Google Play
Best app but there is some problem I can't send money to telebirr or mpesa so if you can add that it could be use full,4,2025-05-02,Commercial Bank of Ethiopia,Google Play
its good and simple to use,5,2025-05-02,Commercial Bank of Ethiopia,Google Play
worest app like that bank for security and network access,1,2025-05-02,Commercial Bank of Ethiopia,Google Play
it's the best app i,5,2025-05-02,Commercial Bank of Ethiopia,Google Play
not bad not good,1,2025-05-02,Commercial Bank of Ethiopia,Google Play
its very nice,5,2025-05-02,Commercial Bank of Ethiopia,Google Play
do not work this week,3,2025-04-30,Commercial Bank of Ethiopia,Google Play
It crashes frequently,4,2025-04-30,Commercial Bank of Ethiopia,Google Play
the best,5,2025-04-28,Commercial Bank of Ethiopia,Google Play
"I can simply describe this app as ""Making all your work easier"".",5,2025-04-28,Commercial Bank of Ethiopia,Google Play
goid,5,2025-04-28,Commercial Bank of Ethiopia,Google Play
best appearance,5,2025-04-27,Commercial Bank of Ethiopia,Google Play
it's very good 👍 app,5,2025-04-27,Commercial Bank of Ethiopia,Google Play
I need support you,5,2025-04-27,Commercial Bank of Ethiopia,Google Play
the worst Mobile banking i have ever seen in my life,1,2025-04-26,Commercial Bank of Ethiopia,Google Play
super,5,2025-04-26,Commercial Bank of Ethiopia,Google Play
ጠጀጨገጀ።ጀገ,5,2025-04-26,Commercial Bank of Ethiopia,Google Play
i like the app,5,2025-04-26,Commercial Bank of Ethiopia,Google Play
the Best,1,2025-04-26,Commercial Bank of Ethiopia,Google Play
nice,5,2025-04-26,Commercial Bank of Ethiopia,Google Play
good,5,2025-04-26,Commercial Bank of Ethiopia,Google Play
good,5,2025-04-25,Commercial Bank of Ethiopia,Google Play
to other bank is bad,1,2025-04-25,Commercial Bank of Ethiopia,Google Play
tank's,5,2025-04-25,Commercial Bank of Ethiopia,Google Play
its good but add more features such like. bank statement showing,5,2025-04-24,Commercial Bank of Ethiopia,Google Play
it is so nice,5,2025-04-24,Commercial Bank of Ethiopia,Google Play
good,5,2025-04-21,Commercial Bank of Ethiopia,Google Play
Very Good👍,5,2025-04-21,Commercial Bank of Ethiopia,Google Play
"my first frequent experience of cbe app is critical-time failure such as suspending payment on air for 2-5 days with zero explanation, deducting from sender account without depositing to the receiver act. Another fatal error by the banking company as a whole (not the app itself though) is forced-banking with corporations without consent of employers-users of the corresponding corporations",2,2025-04-21,Commercial Bank of Ethiopia,Google Play
"wow, amazing app",5,2025-04-21,Commercial Bank of Ethiopia,Google Play
use ful,5,2025-04-21,Commercial Bank of Ethiopia,Google Play
Great app,5,2025-04-21,Commercial Bank of Ethiopia,Google Play
well app,5,2025-04-20,Commercial Bank of Ethiopia,Google Play
Actually it is inactive,4,2025-04-19,Commercial Bank of Ethiopia,Google Play
good,4,2025-04-19,Commercial Bank of Ethiopia,Google Play
ok,2,2025-04-19,Commercial Bank of Ethiopia,Google Play
best app,5,2025-04-19,Commercial Bank of Ethiopia,Google Play
amazing,1,2025-04-19,Commercial Bank of Ethiopia,Google Play
good,5,2025-04-19,Commercial Bank of Ethiopia,Google Play
I like,5,2025-04-19,Commercial Bank of Ethiopia,Google Play
"slow, only one account is used",2,2025-04-19,Commercial Bank of Ethiopia,Google Play
ok,5,2025-04-19,Commercial Bank of Ethiopia,Google Play
always CBE is the leading Commercial Bank💪💪💪,5,2025-04-18,Commercial Bank of Ethiopia,Google Play
i like it,5,2025-04-18,Commercial Bank of Ethiopia,Google Play
why removing screenshot feature why?,1,2025-04-18,Commercial Bank of Ethiopia,Google Play
nice apps where network is good in connection,5,2025-04-18,Commercial Bank of Ethiopia,Google Play
Thank you!!!,5,2025-04-18,Commercial Bank of Ethiopia,Google Play
i can't take screenshot,1,2025-04-18,Commercial Bank of Ethiopia,Google Play
"every update was made the system better and better until the March 19th, 2025 update, not allowing us to screenshot. you guys didn't understand how much it's a really quick and significant thing. You add extra steps to us, which makes the process draw back",3,2025-04-18,Commercial Bank of Ethiopia,Google Play
perfectly special,5,2025-04-18,Commercial Bank of Ethiopia,Google Play
Fast and Reliable,5,2025-04-18,Commercial Bank of Ethiopia,Google Play
good,5,2025-04-17,Commercial Bank of Ethiopia,Google Play
The best application I have ever seen in Ethiopia banking industry.,5,2025-04-17,Commercial Bank of Ethiopia,Google Play
great app!!!,5,2025-04-17,Commercial Bank of Ethiopia,Google Play
because sometimes it doesn't working it load too much,3,2025-04-17,Commercial Bank of Ethiopia,Google Play
"Absolutely the best app! It works flawlessly, anytime and anywhere.",5,2025-04-17,Commercial Bank of Ethiopia,Google Play
ok,3,2025-04-16,Commercial Bank of Ethiopia,Google Play
very nice app ever!!!,5,2025-04-16,Commercial Bank of Ethiopia,Google Play
the best app,5,2025-04-16,Commercial Bank of Ethiopia,Google Play
Biometric security for mobile banking is not available,5,2025-04-16,Commercial Bank of Ethiopia,Google Play
great,5,2025-04-15,Commercial Bank of Ethiopia,Google Play
Nice service,5,2025-04-15,Commercial Bank of Ethiopia,Google Play
great app,5,2025-04-15,Commercial Bank of Ethiopia,Google Play
it's special apps,5,2025-04-15,Commercial Bank of Ethiopia,Google Play
"In the updated version of the app, it takes more time to download the receipt.",3,2025-04-15,Commercial Bank of Ethiopia,Google Play
ለምንድነው ትራንዛክሽን ትንሽ ብቻ የሚያሳየው ?,3,2025-04-14,Commercial Bank of Ethiopia,Google Play
Good 🔥,5,2025-04-14,Commercial Bank of Ethiopia,Google Play
very interesting app i am using every day fantastic,5,2025-04-14,Commercial Bank of Ethiopia,Google Play
lebaa bank,5,2025-04-14,Commercial Bank of Ethiopia,Google Play
Can't scan/recognize other banks' Interoperable QR Codes,1,2025-04-13,Commercial Bank of Ethiopia,Google Play
OK,5,2025-04-13,Commercial Bank of Ethiopia,Google Play
grateful app,5,2025-04-13,Commercial Bank of Ethiopia,Google Play
100% ❤️❤️❤️🙏🙏🙏🙏🙏🙏🙏🙏🙏🙏🙏🙏🙏🙏🙏🙏,5,2025-04-13,Commercial Bank of Ethiopia,Google Play
everthing wellbeok,3,2025-04-13,Commercial Bank of Ethiopia,Google Play
"""This mobile banking app is fast and user-friendly, but the only issue I encountered is that I can't access my bank statement within the app. I kindly request that this feature be added, similar to what is offered by other private bank mobile banking apps.",4,2025-04-13,Commercial Bank of Ethiopia,Google Play
nice app 👌,5,2025-04-12,Commercial Bank of Ethiopia,Google Play
why did this app is not screenshot,5,2025-04-12,Commercial Bank of Ethiopia,Google Play
it so good app,5,2025-04-12,Commercial Bank of Ethiopia,Google Play
the best app,3,2025-04-12,Commercial Bank of Ethiopia,Google Play
جميل,5,2025-04-11,Commercial Bank of Ethiopia,Google Play
"less network, specially to make fee for utility purpose",1,2025-04-11,Commercial Bank of Ethiopia,Google Play
nice,5,2025-04-11,Commercial Bank of Ethiopia,Google Play
simply for used,4,2025-04-11,Commercial Bank of Ethiopia,Google Play
wow keep up,5,2025-04-10,Commercial Bank of Ethiopia,Google Play
its great app but when updating we can't take screen shot please try to fix it,3,2025-04-10,Commercial Bank of Ethiopia,Google Play
good one,5,2025-04-10,Commercial Bank of Ethiopia,Google Play
best app.,5,2025-04-10,Commercial Bank of Ethiopia,Google Play
everything is easy thank you cebe,5,2025-04-10,Commercial Bank of Ethiopia,Google Play
ፈጣን ቀልጣፋ,5,2025-04-10,Commercial Bank of Ethiopia,Google Play
good,5,2025-04-10,Commercial Bank of Ethiopia,Google Play
ok,5,2025-04-10,Commercial Bank of Ethiopia,Google Play
ጎበዝ,5,2025-04-09,Commercial Bank of Ethiopia,Google Play
good app,5,2025-04-09,Commercial Bank of Ethiopia,Google Play
but this app says can't sync,5,2025-04-09,Commercial Bank of Ethiopia,Google Play
waw,5,2025-04-09,Commercial Bank of Ethiopia,Google Play
to slow,3,2025-04-09,Commercial Bank of Ethiopia,Google Play
work on screen shot system,4,2025-04-08,Commercial Bank of Ethiopia,Google Play
very very nice aplication,1,2025-04-08,Commercial Bank of Ethiopia,Google Play
Good,5,2025-04-08,Commercial Bank of Ethiopia,Google Play
wonder full and it is easy to use,5,2025-04-08,Commercial Bank of Ethiopia,Google Play
easy and reliable,2,2025-04-08,Commercial Bank of Ethiopia,Google Play
good,5,2025-04-08,Commercial Bank of Ethiopia,Google Play
it is Very Useful app 👍,5,2025-04-07,Commercial Bank of Ethiopia,Google Play
very good,5,2025-04-07,Commercial Bank of Ethiopia,Google Play
perfect app,5,2025-04-07,Commercial Bank of Ethiopia,Google Play
I like it.,5,2025-04-07,Commercial Bank of Ethiopia,Google Play
bugs,3,2025-04-07,Commercial Bank of Ethiopia,Google Play
commerial Bank,5,2025-04-06,Commercial Bank of Ethiopia,Google Play
Genat biru,2,2025-04-06,Commercial Bank of Ethiopia,Google Play
🙏,5,2025-04-06,Commercial Bank of Ethiopia,Google Play
it is good but it doesn't allow screen shot,4,2025-04-06,Commercial Bank of Ethiopia,Google Play
the best one,5,2025-04-06,Commercial Bank of Ethiopia,Google Play
You need to copy many things from other bank apps like Amole(Dashen),2,2025-04-06,Commercial Bank of Ethiopia,Google Play
bring back the screenshot feature.,1,2025-04-05,Commercial Bank of Ethiopia,Google Play
Good!👍,3,2025-04-05,Commercial Bank of Ethiopia,Google Play
best app to experience him that to smooth transaction among the customers,1,2025-04-05,Commercial Bank of Ethiopia,Google Play
good,5,2025-04-05,Commercial Bank of Ethiopia,Google Play
nice app suitable to use it. the only weak side is it need data connections and hoping will be fixed to offline i gave 4 rate,4,2025-04-05,Commercial Bank of Ethiopia,Google Play
easy to use,5,2025-04-05,Commercial Bank of Ethiopia,Google Play
"Good job to the CBE team on this mobile app! It's designed in a way that's simple and intuitive to navigate, which is great for everyone. It effectively handles the essential banking tasks I need to perform regularly. It's a practical and reliable tool that makes everyday banking much more convenient. Thank you for this useful application.",5,2025-04-04,Commercial Bank of Ethiopia,Google Play
ለኔ በጣም ምርጥ ነው ግን screenshot ማረግ ቢቻል ምርጥ ነበር,5,2025-04-04,Commercial Bank of Ethiopia,Google Play
before it was smooth and good. this time after the new update in 2025 i can not make screenshot of my recite. even the downlod button is very delayed in putting my recite in my gallery for simple proof. please fix this i am unable to show proof of payment to my clients. thankyou.,3,2025-04-04,Commercial Bank of Ethiopia,Google Play
cool ❤,4,2025-04-04,Commercial Bank of Ethiopia,Google Play
Best app,5,2025-04-04,Commercial Bank of Ethiopia,Google Play
great app,5,2025-04-03,Commercial Bank of Ethiopia,Google Play
best banking App,4,2025-04-03,Commercial Bank of Ethiopia,Google Play
satisfied,5,2025-04-03,Commercial Bank of Ethiopia,Google Play
this app is very necessary app many people found it,5,2025-04-03,Commercial Bank of Ethiopia,Google Play
cbe very active Bank I'm using CBE app very very satisfaction,5,2025-04-03,Commercial Bank of Ethiopia,Google Play
It made life alot easier. I cant even imagine having to make all those transactions in person. So this app was crucial for me. Very good app. well done.,5,2025-04-03,Commercial Bank of Ethiopia,Google Play
excellent,5,2025-04-03,Commercial Bank of Ethiopia,Google Play
perfect,5,2025-04-03,Commercial Bank of Ethiopia,Google Play
thankyou,5,2025-04-02,Commercial Bank of Ethiopia,Google Play
I Like it,5,2025-04-02,Commercial Bank of Ethiopia,Google Play
ok,5,2025-04-02,Commercial Bank of Ethiopia,Google Play
"I don't understand the reason, why I need to disable developer options to access the app, it has no security risks nor does it hinder the app's functionalities. This goes out to the dev, I hope your life is filled with inconveniences.",1,2025-04-02,Commercial Bank of Ethiopia,Google Play
smart app,5,2025-04-02,Commercial Bank of Ethiopia,Google Play
isin ga'a,2,2025-04-02,Commercial Bank of Ethiopia,Google Play
easy to use,5,2025-04-02,Commercial Bank of Ethiopia,Google Play
it's great,5,2025-04-02,Commercial Bank of Ethiopia,Google Play
very good app and stars faction with work,5,2025-04-02,Commercial Bank of Ethiopia,Google Play
It is excelent,5,2025-04-01,Commercial Bank of Ethiopia,Google Play
Smart,5,2025-04-01,Commercial Bank of Ethiopia,Google Play
በየወሩ አፕደት እየጠየቀኝ ነው ለነገሩ ብር ስሌለኝ ይሆናል እና ምን ለማለት ፈልገ መሰላቹ ወላህ ቼግሮኛል 🥺🥺🥺,3,2025-04-01,Commercial Bank of Ethiopia,Google Play
very interesting app,5,2025-04-01,Commercial Bank of Ethiopia,Google Play
i like it,5,2025-04-01,Commercial Bank of Ethiopia,Google Play
wow.......cbe.....keep it up.....!!!!!!,5,2025-04-01,Commercial Bank of Ethiopia,Google Play
ጊዜን ቆጣቢ እና ህይወትን ቀለል ከሚያደርጉ ኢትዬጲያ ካሉ ፋይናንስ አፕልኬሽኖች ሁሉ ይሄ ይለያል,5,2025-04-01,Commercial Bank of Ethiopia,Google Play
Excellent🙏app,5,2025-04-01,Commercial Bank of Ethiopia,Google Play
the most useful,5,2025-04-01,Commercial Bank of Ethiopia,Google Play
I am more satisfied in this app . More sure you have to secure.,4,2025-04-01,Commercial Bank of Ethiopia,Google Play
Easy to use,5,2025-04-01,Commercial Bank of Ethiopia,Google Play
"very good, but sometimes NUR CBE comes without my consent. even if I choose locked, it appears",4,2025-04-01,Commercial Bank of Ethiopia,Google Play
Excellent !!!,5,2025-04-01,Commercial Bank of Ethiopia,Google Play
always we relay on,5,2025-04-01,Commercial Bank of Ethiopia,Google Play
I'm lucky to have this🙏 thank you CBE.,5,2025-04-01,Commercial Bank of Ethiopia,Google Play
it's need more improvement like Tellbirr.,4,2025-04-01,Commercial Bank of Ethiopia,Google Play
goode app,5,2025-04-01,Commercial Bank of Ethiopia,Google Play
a very nice app.👍👍👍,5,2025-04-01,Commercial Bank of Ethiopia,Google Play
safe easy & fast,5,2025-04-01,Commercial Bank of Ethiopia,Google Play
perfect,5,2025-04-01,Commercial Bank of Ethiopia,Google Play
it's good app,5,2025-04-01,Commercial Bank of Ethiopia,Google Play
nice,5,2025-04-01,Commercial Bank of Ethiopia,Google Play
good app,5,2025-04-01,Commercial Bank of Ethiopia,Google Play
It is veary useful app but screen shout was impossible .solve this problem,5,2025-04-01,Commercial Bank of Ethiopia,Google Play
ጥሩ ነው,5,2025-04-01,Commercial Bank of Ethiopia,Google Play
እጅግ በጣም ጥሩ አፕ,5,2025-04-01,Commercial Bank of Ethiopia,Google Play
good,5,2025-04-01,Commercial Bank of Ethiopia,Google Play
በጣም ሃሪፍ ነው ግን ብር በሚተላለፍበት ወቅት ተቀንሷል ይላል እላፊ መልክቱ ይደርሳል ግን አይቀንስም,5,2025-04-01,Commercial Bank of Ethiopia,Google Play
suitable app,4,2025-04-01,Commercial Bank of Ethiopia,Google Play
Dear cbe this app is not comparable with 21century and pls try to solve it.💀💀💀,1,2025-04-01,Commercial Bank of Ethiopia,Google Play
Good,5,2025-04-01,Commercial Bank of Ethiopia,Google Play
nice app,5,2025-04-01,Commercial Bank of Ethiopia,Google Play
best transaction method of financial,5,2025-04-01,Commercial Bank of Ethiopia,Google Play
#CBE is Now going to on the right Pathway/track/!! Thank you CBE one step ahead on payment platform app!!,5,2025-04-01,Commercial Bank of Ethiopia,Google Play
It literarily don't work at all,4,2025-04-01,Commercial Bank of Ethiopia,Google Play
good give us plus,5,2025-04-01,Commercial Bank of Ethiopia,Google Play
"Very good application. However, I have one functionality recommendation. What if you let the app transfer money to any telebirr account as for MPESA? By the way, I am not the only one to ask this. Thank you!",4,2025-04-01,Commercial Bank of Ethiopia,Google Play
before update it was able to screenshot while after update I can't able to screenshot the transfere details,4,2025-04-01,Commercial Bank of Ethiopia,Google Play
Tnc Cbe,5,2025-04-01,Commercial Bank of Ethiopia,Google Play
it is good app. But you have integrate cbe with cbe birr. to allow cardless withdrawal directly from our accout!,4,2025-03-31,Commercial Bank of Ethiopia,Google Play
great apps,5,2025-03-31,Commercial Bank of Ethiopia,Google Play
Excellent,5,2025-03-31,Commercial Bank of Ethiopia,Google Play
Great app!,4,2025-03-31,Commercial Bank of Ethiopia,Google Play
nice,5,2025-03-31,Commercial Bank of Ethiopia,Google Play
CBE,5,2025-03-31,Commercial Bank of Ethiopia,Google Play
very good 👍 👏,5,2025-03-31,Commercial Bank of Ethiopia,Google Play
great when it works,5,2025-03-31,Commercial Bank of Ethiopia,Google Play
"the app is very good, but why screenshots is impossible?",5,2025-03-31,Commercial Bank of Ethiopia,Google Play
excellent match application,5,2025-03-31,Commercial Bank of Ethiopia,Google Play
very good,5,2025-03-31,Commercial Bank of Ethiopia,Google Play
best app,5,2025-03-31,Commercial Bank of Ethiopia,Google Play
The Best app😍😍😍,5,2025-03-31,Commercial Bank of Ethiopia,Google Play
excellent app,5,2025-03-31,Commercial Bank of Ethiopia,Google Play
easy to use and user friendly,5,2025-03-31,Commercial Bank of Ethiopia,Google Play
good,5,2025-03-31,Commercial Bank of Ethiopia,Google Play
very nice,5,2025-03-31,Commercial Bank of Ethiopia,Google Play
አሪፍ ነው በተለይ የአሻራ ደህነቱ መረጋገጡ ተመችቶኛል,3,2025-03-31,Commercial Bank of Ethiopia,Google Play
well software,5,2025-03-31,Commercial Bank of Ethiopia,Google Play
ጥሩ ነው አንዳንዴ ስታክ ቢያደርግም,4,2025-03-31,Commercial Bank of Ethiopia,Google Play
CBE very good apps,5,2025-03-31,Commercial Bank of Ethiopia,Google Play
"This application fast, secure and more convenient. Thanks CBE",5,2025-03-31,Commercial Bank of Ethiopia,Google Play
best app,5,2025-03-31,Commercial Bank of Ethiopia,Google Play
excellent service,5,2025-03-31,Commercial Bank of Ethiopia,Google Play
it's best,5,2025-03-31,Commercial Bank of Ethiopia,Google Play
Why didn't you display cash transactions and bank statement in the mobile banking app?,4,2025-03-31,Commercial Bank of Ethiopia,Google Play
Amazing app,5,2025-03-31,Commercial Bank of Ethiopia,Google Play
our legitimate bank,4,2025-03-31,Commercial Bank of Ethiopia,Google Play
Ever and never seen this kind of app I proud my CBE,5,2025-03-31,Commercial Bank of Ethiopia,Google Play
very good and safe for me!,5,2025-03-31,Commercial Bank of Ethiopia,Google Play
it is best bank,5,2025-03-31,Commercial Bank of Ethiopia,Google Play
"very good, but sometimes....",4,2025-03-31,Commercial Bank of Ethiopia,Google Play
ከአንድ መስሪያ ቤት ወይም ድርጅት ወይም ግለሰብ በርከት ላለ ሰው ሲላክ የላኪውን መስሪያ ቤት ወይም ድርጅት ወይም ግለሰብ እንዲያሳይ አታደርጉም ? ግለሰብ ለግለሰብ ወይም ለድርጅት ሲከፍል ያሳያል ።,5,2025-03-31,Commercial Bank of Ethiopia,Google Play
Why not allowed to pay for fuel?,4,2025-03-31,Commercial Bank of Ethiopia,Google Play
Really! this app is more simple to use at any time in every where also it's transaction quality between the users within the transaction receipt as abank that means this app is our bank on hand in mobile frankly I proud on this bank digital. I have no word to wrote ...... but it's have weakness on poor connection.,5,2025-03-31,Commercial Bank of Ethiopia,Google Play
good job,5,2025-03-31,Commercial Bank of Ethiopia,Google Play
nice,5,2025-03-31,Commercial Bank of Ethiopia,Google Play
ቆንጆ ነው,5,2025-03-31,Commercial Bank of Ethiopia,Google Play
Great version,5,2025-03-31,Commercial Bank of Ethiopia,Google Play
excellent,5,2025-03-31,Commercial Bank of Ethiopia,Google Play
Good and easy to use,5,2025-03-31,Commercial Bank of Ethiopia,Google Play
nice app and fast money transfer,5,2025-03-31,Commercial Bank of Ethiopia,Google Play
Really automated...,5,2025-03-31,Commercial Bank of Ethiopia,Google Play
excellent,5,2025-03-31,Commercial Bank of Ethiopia,Google Play
good,5,2025-03-31,Commercial Bank of Ethiopia,Google Play
good App,5,2025-03-31,Commercial Bank of Ethiopia,Google Play
bek betam kelal,5,2025-03-31,Commercial Bank of Ethiopia,Google Play
ምርጥ አፕ ነው ተመችቶኛል❤❤,3,2025-03-31,Commercial Bank of Ethiopia,Google Play
Recently app keeps closing and the notification after says this app has a bug. Can you make an update please,4,2025-03-31,Commercial Bank of Ethiopia,Google Play
"very good, keep it up",5,2025-03-31,Commercial Bank of Ethiopia,Google Play
there is some issue the process it delay,3,2025-03-31,Commercial Bank of Ethiopia,Google Play
what an amazing application in Ethiopian Banking industry which is very interested one!,5,2025-03-31,Commercial Bank of Ethiopia,Google Play
nice,5,2025-03-30,Commercial Bank of Ethiopia,Google Play
interesting,3,2025-03-30,Commercial Bank of Ethiopia,Google Play
very good,5,2025-03-30,Commercial Bank of Ethiopia,Google Play
good,5,2025-03-30,Commercial Bank of Ethiopia,Google Play
simple&fast!!!,5,2025-03-30,Commercial Bank of Ethiopia,Google Play
best app,5,2025-03-30,Commercial Bank of Ethiopia,Google Play
great,5,2025-03-30,Commercial Bank of Ethiopia,Google Play
it is very good app,5,2025-03-30,Commercial Bank of Ethiopia,Google Play
best,5,2025-03-30,Commercial Bank of Ethiopia,Google Play
It is very excellent anddynamic plus user friend all in one bank apps of the era. I loved it.,5,2025-03-30,Commercial Bank of Ethiopia,Google Play
Very God thanks,5,2025-03-30,Commercial Bank of Ethiopia,Google Play
The sum is good.,3,2025-03-30,Commercial Bank of Ethiopia,Google Play
best of bests,5,2025-03-30,Commercial Bank of Ethiopia,Google Play
am happy thank you CBE🫡,5,2025-03-30,Commercial Bank of Ethiopia,Google Play
good,5,2025-03-30,Commercial Bank of Ethiopia,Google Play
good,5,2025-03-30,Commercial Bank of Ethiopia,Google Play
it's very nice 👍.,5,2025-03-30,Commercial Bank of Ethiopia,Google Play
👍,5,2025-03-30,Commercial Bank of Ethiopia,Google Play
nice,5,2025-03-30,Commercial Bank of Ethiopia,Google Play
"The history sometimes misses transactions, tranfer to cbe birr debited but not really transferred, We need to really cop up with the world for real. The hacks and security problems, invest on and solve them.",3,2025-03-30,Commercial Bank of Ethiopia,Google Play
Very good,5,2025-03-30,Commercial Bank of Ethiopia,Google Play
halan garidhaa cbe,5,2025-03-30,Commercial Bank of Ethiopia,Google Play
best apps for useing,5,2025-03-30,Commercial Bank of Ethiopia,Google Play
like it,5,2025-03-29,Commercial Bank of Ethiopia,Google Play
good,5,2025-03-29,Commercial Bank of Ethiopia,Google Play
Good apps ...But fix the screenshot its not easy like before ......,5,2025-03-29,Commercial Bank of Ethiopia,Google Play
l love it,5,2025-03-29,Commercial Bank of Ethiopia,Google Play
"I am not exaggerating when I say that this application is one of the biggest players in the banking industry. It has simplified a lot of things for the user, even if the bank is in his pocket. But my opinion is (1), when we transfer money, there is a word limit on the (Note) at the end. Why can't we write our reason briefly? I don't understand why it is limited. On the other hand, there is no limit on the bank. Could you explain this? (2), when we pay for water, why is the code not mentioned",5,2025-03-29,Commercial Bank of Ethiopia,Google Play
good,5,2025-03-29,Commercial Bank of Ethiopia,Google Play
Good,5,2025-03-29,Commercial Bank of Ethiopia,Google Play
in this update why screenshoot is disabled now it's not working,1,2025-03-28,Commercial Bank of Ethiopia,Google Play
good,5,2025-03-28,Commercial Bank of Ethiopia,Google Play
"realy I donot seen like this application ! fast ,safe ande confortable",5,2025-03-28,Commercial Bank of Ethiopia,Google Play
Excellent but needed upgrading!,5,2025-03-28,Commercial Bank of Ethiopia,Google Play
Best app,5,2025-03-28,Commercial Bank of Ethiopia,Google Play
goods app!! pleace update this apps??,4,2025-03-28,Commercial Bank of Ethiopia,Google Play
"The latest update prevents taking screenshots, which is really annoying! please allow us to take screenshots! we need it for evidence (particularly, in case of transfer failure!).",1,2025-03-27,Commercial Bank of Ethiopia,Google Play
wow,5,2025-03-27,Commercial Bank of Ethiopia,Google Play
Fantastic app! I appreciate it very much,5,2025-03-27,Commercial Bank of Ethiopia,Google Play
Convenient app,5,2025-03-27,Commercial Bank of Ethiopia,Google Play
Doesn't work properly. It crashes some many times. commercial bank of Ethiopia not only the application but also sending money to own CBE birr doesn't get your money in your bank account. forcefully you must wait 3-5 days to get your money back to your account. walk up CBE the world is going to decentralized finance.,1,2025-03-26,Commercial Bank of Ethiopia,Google Play
Good,5,2025-03-26,Commercial Bank of Ethiopia,Google Play
It crashes multiple times everytime you launch it. Fix it. Edit: crash fixed but screenshots has been disabled. I don't know who thought this was a good idea.,1,2025-03-26,Commercial Bank of Ethiopia,Google Play
why why u remove screen shoot😡😡,2,2025-03-26,Commercial Bank of Ethiopia,Google Play
good,5,2025-03-26,Commercial Bank of Ethiopia,Google Play
"I fails mid transaction, No screenshot, download don't work, link shared not working bring back the old app this is usless",1,2025-03-26,Commercial Bank of Ethiopia,Google Play
very nice one,5,2025-03-26,Commercial Bank of Ethiopia,Google Play
good application,5,2025-03-25,Commercial Bank of Ethiopia,Google Play
problem solver and the best fast app,5,2025-03-25,Commercial Bank of Ethiopia,Google Play
ምርጥ አፕሊከሽን ነው ገንዘብ ለመላክም ሆነ ለማንኛውም ነገር ተመችቶኛል በዚው ቀጥሉበት,5,2025-03-25,Commercial Bank of Ethiopia,Google Play
nice,5,2025-03-25,Commercial Bank of Ethiopia,Google Play
Please bring back the screenshot option. The screenshot download option takes like 15 second appear in gallery and most people don't know about it.,3,2025-03-25,Commercial Bank of Ethiopia,Google Play
ok,5,2025-03-25,Commercial Bank of Ethiopia,Google Play
you must added dark mode options ❗,3,2025-03-25,Commercial Bank of Ethiopia,Google Play
good,5,2025-03-25,Commercial Bank of Ethiopia,Google Play
Thank you,5,2025-03-25,Commercial Bank of Ethiopia,Google Play
cbe,5,2025-03-25,Commercial Bank of Ethiopia,Google Play
ممتاز جدا جدا,5,2025-03-24,Commercial Bank of Ethiopia,Google Play
very nice and convenient app,5,2025-03-24,Commercial Bank of Ethiopia,Google Play
there are to many bugs app keeps crashi ng and the update file seems to keep getting worse,2,2025-03-24,Commercial Bank of Ethiopia,Google Play
👍👍👍,5,2025-03-24,Commercial Bank of Ethiopia,Google Play
Very good,5,2025-03-24,Commercial Bank of Ethiopia,Google Play
Great experience so far but why this app ain't working while developer mode is on?,4,2025-03-24,Commercial Bank of Ethiopia,Google Play
why did the screen shot stopped ?????,3,2025-03-24,Commercial Bank of Ethiopia,Google Play
nice,5,2025-03-24,Commercial Bank of Ethiopia,Google Play
Best app,5,2025-03-24,Commercial Bank of Ethiopia,Google Play
it's genuine app..,5,2025-03-24,Commercial Bank of Ethiopia,Google Play
okay 👌👍,5,2025-03-24,Commercial Bank of Ethiopia,Google Play
it's a very good application but sometimes it takes a long time to synchronize,4,2025-03-23,Commercial Bank of Ethiopia,Google Play
commercial dank...,5,2025-03-23,Commercial Bank of Ethiopia,Google Play
great,5,2025-03-23,Commercial Bank of Ethiopia,Google Play
it's very good,5,2025-03-23,Commercial Bank of Ethiopia,Google Play
to getting money,5,2025-03-23,Commercial Bank of Ethiopia,Google Play
Best,4,2025-03-23,Commercial Bank of Ethiopia,Google Play
some times it is difficult to get reciepts for the payment made,1,2025-03-23,Commercial Bank of Ethiopia,Google Play
this app is best,1,2025-03-23,Commercial Bank of Ethiopia,Google Play
it's very useful,5,2025-03-23,Commercial Bank of Ethiopia,Google Play
nice,5,2025-03-23,Commercial Bank of Ethiopia,Google Play
Good,5,2025-03-23,Commercial Bank of Ethiopia,Google Play
best app and update more features *****,5,2025-03-23,Commercial Bank of Ethiopia,Google Play
best app for this vast digital finanical word,5,2025-03-23,Commercial Bank of Ethiopia,Google Play
this app is my favorite application,5,2025-03-23,Commercial Bank of Ethiopia,Google Play
Hooo I love this application,5,2025-03-22,Commercial Bank of Ethiopia,Google Play
The app protects me from screenshot after update. Please make revision on the app.,4,2025-03-22,Commercial Bank of Ethiopia,Google Play
good,5,2025-03-22,Commercial Bank of Ethiopia,Google Play
nice app,5,2025-03-22,Commercial Bank of Ethiopia,Google Play
Screenshot or slip not working,2,2025-03-22,Commercial Bank of Ethiopia,Google Play
Good,5,2025-03-22,Commercial Bank of Ethiopia,Google Play
perfect,5,2025-03-22,Commercial Bank of Ethiopia,Google Play
thank you for help,5,2025-03-22,Commercial Bank of Ethiopia,Google Play
I'm sad guys what are you doing? Why did you add the screenshot restriction to the app? You just made it worse it was a great value to us. You need to rethink it. i will change the 1 star rating when you resolve the issue.,1,2025-03-22,Commercial Bank of Ethiopia,Google Play
good app,5,2025-03-22,Commercial Bank of Ethiopia,Google Play
Thise is helpfull and have good and easy for mobile money usage in ethiopia,5,2025-03-22,Commercial Bank of Ethiopia,Google Play
thank you,5,2025-03-22,Commercial Bank of Ethiopia,Google Play
good app.,5,2025-03-22,Commercial Bank of Ethiopia,Google Play
good,4,2025-03-22,Commercial Bank of Ethiopia,Google Play
"Old version was very friendly to use. Now we can't see the #Reason The #transaction history (very limited) and now it crash every time it's opened. More over, the last update prevents us from taking #screenshots. Thanks for the developers as they are getting more stupid than ever.",1,2025-03-21,Commercial Bank of Ethiopia,Google Play
good,5,2025-03-21,Commercial Bank of Ethiopia,Google Play
Since last week this app has started not working. It simply log in without network but can't sync. Please fix it.,5,2025-03-21,Commercial Bank of Ethiopia,Google Play
Good app,5,2025-03-21,Commercial Bank of Ethiopia,Google Play
good,5,2025-03-21,Commercial Bank of Ethiopia,Google Play
good,5,2025-03-21,Commercial Bank of Ethiopia,Google Play
good,5,2025-03-21,Commercial Bank of Ethiopia,Google Play
amazing👌🫶🙏,5,2025-03-21,Commercial Bank of Ethiopia,Google Play
What an absolutely terrible update. No screenshots and you still have this stupid restriction on developer options. WHAT ABOUT THOSE OF US WHO ARE ACTUALLY DEVELOPERS!!!!!! At this point telebirr just wins the game 100%. CBE. Do. Better!,1,2025-03-21,Commercial Bank of Ethiopia,Google Play
Wow its my in,5,2025-03-21,Commercial Bank of Ethiopia,Google Play
In the lasted update you removed the capability to screenshot transactions.,3,2025-03-21,Commercial Bank of Ethiopia,Google Play
how do you disable screenshots on a banking app you are very unserious people,1,2025-03-21,Commercial Bank of Ethiopia,Google Play
no screenshot and biometrics on this version wtfk?,3,2025-03-21,Commercial Bank of Ethiopia,Google Play
very good,5,2025-03-21,Commercial Bank of Ethiopia,Google Play
"Not Good, too lame to use",1,2025-03-21,Commercial Bank of Ethiopia,Google Play
good,5,2025-03-21,Commercial Bank of Ethiopia,Google Play
ረዘም ላለ ግዜ እየተጠቀምኩት ነው ይህን መተግበሪያ ጥሩ ነው ነገር ግን አንዳንድ ችግሮች አሉበት 1ኛ የከፈልኩበትን ደረሰኝ በግዜው ከልወሰድኩ ከሰላሳ ትራንዛክሽን በኅላ መልሼ ከዚህ በፊት የተገበያየውበትን ማግኘት አልችልም ልክ እንደ ሌሎች ባንኮች ምሳሌ (አቢሲኒያ አዋሽ..) ሌላው ብር ለመላክ አስቤ እልካለው ግን አካውንቴ ላይ ለተወሰነ ደቂቃ ከአካውንት ሰይቀንስ ይቆይና ያልገባ መስሎኝ ድጋሜ እልካለው ሁለት ግዜ ሰው ጋ ይገባና ሌላ ችግር ውስጥ መግባት ይህኛው በጣም ትኩረት ሊሰጠው የሚገባ ጉዳይ ነው ሌሎችንም ስህተቶችን ማንሳት ይቻላል ዋናውን ላንሳ ብዬ ነው እንጂ developerሮች በርቱ በየ ግዜው የሚሰጣችሁን feedback ተቀበሉ አሻሽሉት,3,2025-03-20,Commercial Bank of Ethiopia,Google Play
CBE app is great,5,2025-03-20,Commercial Bank of Ethiopia,Google Play
zaku,5,2025-03-20,Commercial Bank of Ethiopia,Google Play
its good and saving time,5,2025-03-20,Commercial Bank of Ethiopia,Google Play
"this new update(Mar 19,2025) is great in fixing bugs, stability and smooth experience I'll give u that but it came with a big shortcoming which is not allowing to take screenshot. I can't screenshot neither my balance nor the transaction or anything within the app, i understand it's for security reasons but please bring that back, allow us to take screenshot we need that. Thanks.",4,2025-03-20,Commercial Bank of Ethiopia,Google Play
"what went wrong, I couldn't take a screenshot.",3,2025-03-20,Commercial Bank of Ethiopia,Google Play
full,5,2025-03-20,Commercial Bank of Ethiopia,Google Play
good,5,2025-03-20,Commercial Bank of Ethiopia,Google Play
ok,5,2025-03-20,Commercial Bank of Ethiopia,Google Play
App is crushing recently. Please update.,4,2025-03-20,Commercial Bank of Ethiopia,Google Play
It is good but why screenshot is forbidden,4,2025-03-20,Commercial Bank of Ethiopia,Google Play
Taking away the screenshot of the receipt is just silly. Worse is tbe download button putting a copy of the screenshot - which you prevented to be taken - in tbe downloads folder where we cant attach directly from Whatsapp. Millions of people use the screenshot as proof of payment / transfer yet you make that harder for everyone? I have every user contacts the developer or manager who made this awful decision.,1,2025-03-20,Commercial Bank of Ethiopia,Google Play
good,5,2025-03-20,Commercial Bank of Ethiopia,Google Play
very good app,5,2025-03-20,Commercial Bank of Ethiopia,Google Play
best,5,2025-03-19,Commercial Bank of Ethiopia,Google Play
good,5,2025-03-19,Commercial Bank of Ethiopia,Google Play
New update version 5.0.9 keeps crashing it needs maintenance,3,2025-03-19,Commercial Bank of Ethiopia,Google Play
the update is unneeded,1,2025-03-19,Commercial Bank of Ethiopia,Google Play
Reliable bank,5,2025-03-19,Commercial Bank of Ethiopia,Google Play
as if the update of march 19 i can't take a screenshot in the app. i can just save it as file and that is so annoying. i used to save all screenshot in my gallery in one folder now with the extra steps added i have to save the file go to file and then screenshot it. the solution is to allow the screenshot to be save in to gallery automatically. i wish you give this review attention and resolve the issue shortly.,2,2025-03-19,Commercial Bank of Ethiopia,Google Play
it is good app but when I make inter bank transaction It can't display The receiver account number and name of receiver and also receiver bank,4,2025-03-19,Commercial Bank of Ethiopia,Google Play
ጥሩነዉ።,5,2025-03-19,Commercial Bank of Ethiopia,Google Play
good,5,2025-03-19,Commercial Bank of Ethiopia,Google Play
perfect app,5,2025-03-19,Commercial Bank of Ethiopia,Google Play
It was nice but now it dose not opened the transactions,5,2025-03-18,Commercial Bank of Ethiopia,Google Play
it's great,5,2025-03-18,Commercial Bank of Ethiopia,Google Play
Good,4,2025-03-18,Commercial Bank of Ethiopia,Google Play
good,5,2025-03-18,Commercial Bank of Ethiopia,Google Play
ኧረ ውረድ,5,2025-03-18,Commercial Bank of Ethiopia,Google Play
Good,5,2025-03-17,Commercial Bank of Ethiopia,Google Play
simple to use,5,2025-03-17,Commercial Bank of Ethiopia,Google Play
The apps is good to use,5,2025-03-17,Commercial Bank of Ethiopia,Google Play
It's best app but Please add(included) payment of water bill,4,2025-03-17,Commercial Bank of Ethiopia,Google Play
the app has a bug and it keeps crashing 😑 please provide an update and fix the issue thank you....,3,2025-03-17,Commercial Bank of Ethiopia,Google Play
This is my favorite App,5,2025-03-17,Commercial Bank of Ethiopia,Google Play
CBE i like,5,2025-03-16,Commercial Bank of Ethiopia,Google Play
1.we can't get mobile Token on CBE App or any other online. This is need to improve 2.internet banking is always say authenticate error after some weeks this is need to improve.,4,2025-03-16,Commercial Bank of Ethiopia,Google Play
Good,5,2025-03-15,Commercial Bank of Ethiopia,Google Play
excellent app for account transaction specially for bussiness customers and a good method to pay bills and different personal payment.,5,2025-03-15,Commercial Bank of Ethiopia,Google Play
የሚገርም አፕ ተመችቶኛል 🙏❤,5,2025-03-14,Commercial Bank of Ethiopia,Google Play
Wow,5,2025-03-14,Commercial Bank of Ethiopia,Google Play
"The app has brought a new problem. When i open the app, it closes itself then i have to open it again. Please fix this issue if it's your problem",3,2025-03-14,Commercial Bank of Ethiopia,Google Play
Good,5,2025-03-14,Commercial Bank of Ethiopia,Google Play
Wow,5,2025-03-14,Commercial Bank of Ethiopia,Google Play
በጣም ጥሩ አፕልኬሽን ነው,2,2025-03-14,Commercial Bank of Ethiopia,Google Play
"In my view, I can't give any conclusion because it's the starting of an online banking in my country. However, the commercial bank of ethiopia must rebuild this app and also need to make more access to changing the system. Keep continuing ethiopia 🇪🇹 🇪🇹🇪🇹🇪🇹",5,2025-03-14,Commercial Bank of Ethiopia,Google Play
Very attractive and user-friendly,5,2025-03-13,Commercial Bank of Ethiopia,Google Play
Good apps,5,2025-03-13,Commercial Bank of Ethiopia,Google Play
My special app and my proud bank of Ethiopia.,5,2025-03-13,Commercial Bank of Ethiopia,Google Play
The app need update it always crash,1,2025-03-13,Commercial Bank of Ethiopia,Google Play
Good,5,2025-03-13,Commercial Bank of Ethiopia,Google Play
It is very comfortable and simple to use!!! But whay standing order is not work?,5,2025-03-13,Commercial Bank of Ethiopia,Google Play
Good,5,2025-03-13,Commercial Bank of Ethiopia,Google Play
"One of the best apps I have used ,",5,2025-03-13,Commercial Bank of Ethiopia,Google Play
Asela,1,2025-03-13,Commercial Bank of Ethiopia,Google Play
I am appreciate this app,5,2025-03-13,Commercial Bank of Ethiopia,Google Play
Wow,5,2025-03-12,Commercial Bank of Ethiopia,Google Play
Excellent app,5,2025-03-12,Commercial Bank of Ethiopia,Google Play
I'm very happy using this app. Thanks to developers.,5,2025-03-12,Commercial Bank of Ethiopia,Google Play
CBE birr app is my best choice.,5,2025-03-12,Commercial Bank of Ethiopia,Google Play
Good,5,2025-03-12,Commercial Bank of Ethiopia,Google Play
Exceptional/incredible,5,2025-03-12,Commercial Bank of Ethiopia,Google Play
CBE,5,2025-03-11,Commercial Bank of Ethiopia,Google Play
Joyful app,5,2025-03-11,Commercial Bank of Ethiopia,Google Play
Unstatisfied with the new update keeps crashing every now and then and even though i haven't reached the max txn per day still refuses to transfer...probably going to change my bank if it's not fixed asap,1,2025-03-10,Commercial Bank of Ethiopia,Google Play
Good app,3,2025-03-10,Commercial Bank of Ethiopia,Google Play
It is one of the disappointed Bank you don't suppose to include Ethiopian on your name you don't deserve it.,1,2025-03-10,Commercial Bank of Ethiopia,Google Play
Simple and easy to use,5,2025-03-10,Commercial Bank of Ethiopia,Google Play
it's not good app,5,2025-03-10,Commercial Bank of Ethiopia,Google Play
"I have been using CBE App for long, but recently it has started crashing repeatedly and even my phone is reporting that the app has bugs and tells me to wait the developer to fix these bugs.",1,2025-03-09,Commercial Bank of Ethiopia,Google Play
The great app CBE,5,2025-03-09,Commercial Bank of Ethiopia,Google Play
Why it asks me Update repeatedly as soon as I download it !!,1,2025-03-09,Commercial Bank of Ethiopia,Google Play
Good,5,2025-03-08,Commercial Bank of Ethiopia,Google Play
Commercial Bnk Rate this,5,2025-03-08,Commercial Bank of Ethiopia,Google Play
ዋው,5,2025-03-08,Commercial Bank of Ethiopia,Google Play
It is good for many aspect. If I can get transactions report with time duration(periodically),3,2025-03-07,Commercial Bank of Ethiopia,Google Play
its so excellent app,5,2025-03-07,Commercial Bank of Ethiopia,Google Play
Due to connection problem,1,2025-03-07,Commercial Bank of Ethiopia,Google Play
Good,5,2025-03-07,Commercial Bank of Ethiopia,Google Play
Best performing app,5,2025-03-07,Commercial Bank of Ethiopia,Google Play
I love it,5,2025-03-06,Commercial Bank of Ethiopia,Google Play
Best banck in Ethiopia,5,2025-03-06,Commercial Bank of Ethiopia,Google Play
Best app,5,2025-03-06,Commercial Bank of Ethiopia,Google Play
Two step verification update is fake (meaningless). Why because the app gives you an option of to use pin while requesting two step verification step. 🔐 This updated app is not differ than the previous one in case of security & safegaurding users.👹👹💀💀 The other features of the app are best and easy to use it.⭐️⭐️⭐️⭐️⭐️,1,2025-03-06,Commercial Bank of Ethiopia,Google Play
Its good,5,2025-03-05,Commercial Bank of Ethiopia,Google Play
Good,5,2025-03-05,Commercial Bank of Ethiopia,Google Play
Tashoo damisee,4,2025-03-05,Commercial Bank of Ethiopia,Google Play
Why don't install,5,2025-03-05,Commercial Bank of Ethiopia,Google Play
good,5,2025-03-05,Commercial Bank of Ethiopia,Google Play
Ok,5,2025-03-05,Commercial Bank of Ethiopia,Google Play
I'm glad to use it.,5,2025-03-05,Commercial Bank of Ethiopia,Google Play
Very good thank you,5,2025-03-04,Commercial Bank of Ethiopia,Google Play
it's not working good,5,2025-03-04,Commercial Bank of Ethiopia,Google Play
I love it,5,2025-03-04,Commercial Bank of Ethiopia,Google Play
Best service,5,2025-03-04,Commercial Bank of Ethiopia,Google Play
Best best,5,2025-03-04,Commercial Bank of Ethiopia,Google Play
👍,5,2025-03-04,Commercial Bank of Ethiopia,Google Play
I have been a customer of the Commercial Bank of Ethiopia for many years,5,2025-03-03,Commercial Bank of Ethiopia,Google Play
Good,5,2025-03-03,Commercial Bank of Ethiopia,Google Play
"We need this app to work properly, and it looks like an outdated",2,2025-03-03,Commercial Bank of Ethiopia,Google Play
NICE APP,5,2025-03-03,Commercial Bank of Ethiopia,Google Play
አሊሳራኝ ም,5,2025-03-03,Commercial Bank of Ethiopia,Google Play
The app crashes too many times. It's a buggy app,1,2025-03-03,Commercial Bank of Ethiopia,Google Play
Best App,5,2025-03-03,Commercial Bank of Ethiopia,Google Play
good,3,2025-03-02,Commercial Bank of Ethiopia,Google Play
good,5,2025-03-02,Commercial Bank of Ethiopia,Google Play
Good,4,2025-03-02,Commercial Bank of Ethiopia,Google Play
Thankz,5,2025-03-02,Commercial Bank of Ethiopia,Google Play
Verry good it is easy to use anything,5,2025-03-01,Commercial Bank of Ethiopia,Google Play
Good,5,2025-03-01,Commercial Bank of Ethiopia,Google Play
Nice,5,2025-03-01,Commercial Bank of Ethiopia,Google Play
Its gopd,5,2025-03-01,Commercial Bank of Ethiopia,Google Play
system problem,4,2025-03-01,Commercial Bank of Ethiopia,Google Play
So slow with Internet,1,2025-03-01,Commercial Bank of Ethiopia,Google Play
I phone app is not working,2,2025-03-01,Commercial Bank of Ethiopia,Google Play
Sometimes it dosent work,4,2025-03-01,Commercial Bank of Ethiopia,Google Play
very good,5,2025-03-01,Commercial Bank of Ethiopia,Google Play
It's very useful Apps,5,2025-03-01,Commercial Bank of Ethiopia,Google Play
It is better app,5,2025-03-01,Commercial Bank of Ethiopia,Google Play
Good work very important,5,2025-03-01,Commercial Bank of Ethiopia,Google Play
It is exlent app it is helful,5,2025-02-28,Commercial Bank of Ethiopia,Google Play
Nice,5,2025-02-28,Commercial Bank of Ethiopia,Google Play
Best app I like,5,2025-02-28,Commercial Bank of Ethiopia,Google Play
Best,5,2025-02-28,Commercial Bank of Ethiopia,Google Play
No work,5,2025-02-28,Commercial Bank of Ethiopia,Google Play
It don't work,1,2025-02-28,Commercial Bank of Ethiopia,Google Play
Bad security 🔓,2,2025-02-28,Commercial Bank of Ethiopia,Google Play
"It's a shame,it can't performe well,you guys can't even fix a bug, It's getting unusable, shame shame shame 😡",1,2025-02-28,Commercial Bank of Ethiopia,Google Play
Easy to Use and Effecent System.,5,2025-02-28,Commercial Bank of Ethiopia,Google Play
Great,5,2025-02-28,Commercial Bank of Ethiopia,Google Play
የሞባይል ባንኪንጋችሁ ግብይትን ቀለል ያደርጋል,5,2025-02-28,Commercial Bank of Ethiopia,Google Play
It is good but i can not install the app why? And the other one is it is better to show the earliest transactions for instanse before 30 days ago,3,2025-02-27,Commercial Bank of Ethiopia,Google Play
Good,5,2025-02-27,Commercial Bank of Ethiopia,Google Play
Sometimes it does not.work,3,2025-02-27,Commercial Bank of Ethiopia,Google Play
"I have been using the App since it is first released and it has been nice, but the latest Update are very worse the app crashes frequently and drains battery highly.",3,2025-02-27,Commercial Bank of Ethiopia,Google Play
Commercial bank and it's mobile banking is very good,5,2025-02-27,Commercial Bank of Ethiopia,Google Play
Good very good,5,2025-02-27,Commercial Bank of Ethiopia,Google Play
Friendly mobile banking application,5,2025-02-27,Commercial Bank of Ethiopia,Google Play
Vary good,5,2025-02-27,Commercial Bank of Ethiopia,Google Play
I love it,5,2025-02-27,Commercial Bank of Ethiopia,Google Play
1 star because I have to visit my bank for new installation of the app and reactivation takes about 45 to 60 minutes with there long queue and system failures. Learn from telebire app and give options to customers to apt out of this ridiculous security feature. Second why is there no customization in the settings for displaying which account I want displayed in the first section rather that slide to my main account every time. You are making us pay a monthly subscription. Bare minimum is not it,1,2025-02-26,Commercial Bank of Ethiopia,Google Play
Nice,5,2025-02-26,Commercial Bank of Ethiopia,Google Play
Recently it is not working please check it,2,2025-02-26,Commercial Bank of Ethiopia,Google Play
Amazing,4,2025-02-26,Commercial Bank of Ethiopia,Google Play
This app😎,5,2025-02-26,Commercial Bank of Ethiopia,Google Play
It is a user friendly excellent app.,5,2025-02-26,Commercial Bank of Ethiopia,Google Play
Simple and efficient,5,2025-02-26,Commercial Bank of Ethiopia,Google Play
Goooood,5,2025-02-25,Commercial Bank of Ethiopia,Google Play
It is Better to use and Save time. I truly appreciate the Bank System.,5,2025-02-25,Commercial Bank of Ethiopia,Google Play
Good Work,5,2025-02-25,Commercial Bank of Ethiopia,Google Play
Simple and secure app,5,2025-02-25,Commercial Bank of Ethiopia,Google Play
Crashing frequently every time I try to log in.. it's so annoying,1,2025-02-25,Commercial Bank of Ethiopia,Google Play
Good,4,2025-02-25,Commercial Bank of Ethiopia,Google Play
FIX THE BUG! so frustrating,3,2025-02-25,Commercial Bank of Ethiopia,Google Play
"The app is full of bugs here and there, perhaps it's from the backend side idk. For instance the transaction history you see on top is one made a couple of months ago and you have to refresh until you reach the top. it's just so bizarre. And you can't even search for a transaction you made. Someone with a lot of transactions will find it annoying. Even simple things like localising dates to Amharic dates are now correctly implemented.",2,2025-02-25,Commercial Bank of Ethiopia,Google Play
Good experience,5,2025-02-24,Commercial Bank of Ethiopia,Google Play
My device install up updated all data access all function but can't support transaction i. e first login password works but can't conformation last transaction password,5,2025-02-24,Commercial Bank of Ethiopia,Google Play
Constantly crashing after new update,1,2025-02-24,Commercial Bank of Ethiopia,Google Play
Ani Addunyaa Eebbisaa Tolasaa ti. Magaalaa Mandii keessaa dukkaana qorichaa dhuunfaan qaba. Appilikeeshiniin kun hojii koo kana naaf saffisiisuu keessatti qooda ol’aanaa qaba. Akka ‘mobile banking’ ‘busy’ waan hin ta’u. Namoonni hundumtuu Appii kana akka fayyadaman cimseen gorsa. Galatoomaa!💪🙏❤️,5,2025-02-24,Commercial Bank of Ethiopia,Google Play
"Great UX, simple to use yet has all necessary features.",4,2025-02-24,Commercial Bank of Ethiopia,Google Play
Wow,5,2025-02-23,Commercial Bank of Ethiopia,Google Play
Nice 👍 this is app,5,2025-02-23,Commercial Bank of Ethiopia,Google Play
"Why can't we use this app with Developer Mode turned on, when other big international banks apps allow it?",1,2025-02-22,Commercial Bank of Ethiopia,Google Play
It is Good application,4,2025-02-22,Commercial Bank of Ethiopia,Google Play
Guys after the last update it's crushing a lot like alot look in to it,3,2025-02-22,Commercial Bank of Ethiopia,Google Play
The best app,5,2025-02-22,Commercial Bank of Ethiopia,Google Play
This is agood app,5,2025-02-22,Commercial Bank of Ethiopia,Google Play
It have a bug it keeps shut down when I open the app. Without any notification. Please fix the bug.,3,2025-02-22,Commercial Bank of Ethiopia,Google Play
Very best and fast money transferring app,5,2025-02-22,Commercial Bank of Ethiopia,Google Play
Why is it so hard to use this app why don't you make it simple like other apps sometimes it doesn't function right,1,2025-02-22,Commercial Bank of Ethiopia,Google Play
Sweet,5,2025-02-22,Commercial Bank of Ethiopia,Google Play
Very best app,5,2025-02-22,Commercial Bank of Ethiopia,Google Play
couldnt update the app,1,2025-02-22,Commercial Bank of Ethiopia,Google Play
ምርጥ አፕ ነው ሌላ ማለት አይቻልም ፡ግ,5,2025-02-22,Commercial Bank of Ethiopia,Google Play
"Too much commission and service charges, not fair at all this is stealing",1,2025-02-21,Commercial Bank of Ethiopia,Google Play
Very god,4,2025-02-21,Commercial Bank of Ethiopia,Google Play
Not work some tumes,5,2025-02-21,Commercial Bank of Ethiopia,Google Play
It is easy and user friendly,5,2025-02-21,Commercial Bank of Ethiopia,Google Play
When I open the app it turns off keep says (app has a bug ) the app needs update,2,2025-02-21,Commercial Bank of Ethiopia,Google Play
Solve unwanted time and the time to losses cbe office,5,2025-02-21,Commercial Bank of Ethiopia,Google Play
Nice,5,2025-02-21,Commercial Bank of Ethiopia,Google Play
I faced a big problem with this due to Developer mode problem How can you help me pls?,5,2025-02-21,Commercial Bank of Ethiopia,Google Play
utilizes too much power & Crashes often,3,2025-02-20,Commercial Bank of Ethiopia,Google Play
Very good,5,2025-02-20,Commercial Bank of Ethiopia,Google Play
Most effective so far.,5,2025-02-20,Commercial Bank of Ethiopia,Google Play
Not working normally,1,2025-02-20,Commercial Bank of Ethiopia,Google Play
Good,5,2025-02-19,Commercial Bank of Ethiopia,Google Play
Wow,3,2025-02-19,Commercial Bank of Ethiopia,Google Play
this is the simplest bookeeping system or method. I like it .,5,2025-02-19,Commercial Bank of Ethiopia,Google Play
These days the App is Crashing immediately after Login please check,5,2025-02-19,Commercial Bank of Ethiopia,Google Play
I gave it 5🌟 BC this app deserves. Thank you for your services. Appreciated.,5,2025-02-19,Commercial Bank of Ethiopia,Google Play
fantastic and best,5,2025-02-18,Commercial Bank of Ethiopia,Google Play
"It lags before showing the transaction and you have to use the one in the sms message , why doesn't it work on the app it just says loading",1,2025-02-18,Commercial Bank of Ethiopia,Google Play
♡,5,2025-02-18,Commercial Bank of Ethiopia,Google Play
Very amazing application,5,2025-02-18,Commercial Bank of Ethiopia,Google Play
Easy and fantastic to use,5,2025-02-18,Commercial Bank of Ethiopia,Google Play
ዋውነው,3,2025-02-17,Commercial Bank of Ethiopia,Google Play
Good,5,2025-02-17,Commercial Bank of Ethiopia,Google Play
Good app,5,2025-02-17,Commercial Bank of Ethiopia,Google Play
The way its menu arranged to use is easy to use.,5,2025-02-17,Commercial Bank of Ethiopia,Google Play
Nice app,3,2025-02-17,Commercial Bank of Ethiopia,Google Play
Beya,5,2025-02-17,Commercial Bank of Ethiopia,Google Play
👍👍👍,5,2025-02-17,Commercial Bank of Ethiopia,Google Play
"Its not bad, but there are plenty of errors .",2,2025-02-17,Commercial Bank of Ethiopia,Google Play
Waw fantastic Aplication,5,2025-02-16,Commercial Bank of Ethiopia,Google Play
I am satisfied by this Ap Thank you,5,2025-02-16,Commercial Bank of Ethiopia,Google Play
Best of the best application for ever,5,2025-02-16,Commercial Bank of Ethiopia,Google Play
This app is better,5,2025-02-15,Commercial Bank of Ethiopia,Google Play
Nice app,5,2025-02-15,Commercial Bank of Ethiopia,Google Play
"It's very good in reminding the account numbers you have been used, but Need to show recipient history whenever you want to present it.or it has to have a search on options for a spesfic time you want to look for receipts with out going for account details at bank. if you lost your receipt without downloading it and need to look sometime a while you can't get in simple search on the app.",1,2025-02-15,Commercial Bank of Ethiopia,Google Play
CBE NOOR,5,2025-02-15,Commercial Bank of Ethiopia,Google Play
It is good app,5,2025-02-15,Commercial Bank of Ethiopia,Google Play
Very good,5,2025-02-15,Commercial Bank of Ethiopia,Google Play
Amazing App,5,2025-02-15,Commercial Bank of Ethiopia,Google Play
ያስቸግራል,4,2025-02-15,Commercial Bank of Ethiopia,Google Play
"It crashes a lot; it doesn't work at all sometimes. By far, it is the worst mobile banking app I have ever used.",1,2025-02-15,Commercial Bank of Ethiopia,Google Play
Very buggy!,2,2025-02-14,Commercial Bank of Ethiopia,Google Play
Good app,5,2025-02-14,Commercial Bank of Ethiopia,Google Play
WOW good,5,2025-02-14,Commercial Bank of Ethiopia,Google Play
Very good 😊,3,2025-02-14,Commercial Bank of Ethiopia,Google Play
Very sad.,5,2025-02-14,Commercial Bank of Ethiopia,Google Play
Excellent arrangements,5,2025-02-14,Commercial Bank of Ethiopia,Google Play
So good,5,2025-02-14,Commercial Bank of Ethiopia,Google Play
Great,5,2025-02-14,Commercial Bank of Ethiopia,Google Play
a good apps to save my money &withdraw my money to service,5,2025-02-13,Commercial Bank of Ethiopia,Google Play
It's easy and good,5,2025-02-13,Commercial Bank of Ethiopia,Google Play
It is best app,5,2025-02-13,Commercial Bank of Ethiopia,Google Play
አለሚቱ ምስጋነዉ,1,2025-02-13,Commercial Bank of Ethiopia,Google Play
It is not functioning most of the time,3,2025-02-13,Commercial Bank of Ethiopia,Google Play
Best!,5,2025-02-13,Commercial Bank of Ethiopia,Google Play
It sends unwanted welcome notification every time you login. There is no way that you can disable this.,3,2025-02-13,Commercial Bank of Ethiopia,Google Play
This app now not open what's problem? Please solve it,1,2025-02-13,Commercial Bank of Ethiopia,Google Play
nice thanks,5,2025-02-13,Commercial Bank of Ethiopia,Google Play
በቅርቡ ችግር ተፈጥሯል ፣ Developer Option ካልተዘጋ አይሰራም፣ Developer Option ከተዘጋ ደግሞ ስልካችን ፍጥነት ለመታዘዝ ይዘገያል ፣ ከዚህ አማራጭ ሌላ ብትጠቀሙ ባይ ነኝ :: Android ላይ,1,2025-02-12,Commercial Bank of Ethiopia,Google Play
Good,4,2025-02-12,Commercial Bank of Ethiopia,Google Play
Smart,5,2025-02-12,Commercial Bank of Ethiopia,Google Play
Ok,5,2025-02-12,Commercial Bank of Ethiopia,Google Play
Very nice i'm happy,5,2025-02-11,Commercial Bank of Ethiopia,Google Play
Good,5,2025-02-11,Commercial Bank of Ethiopia,Google Play
It used to be better in the previous. But after the recent update it keeps crashing as soon as it logs in.. it needs to be fixed.,1,2025-02-11,Commercial Bank of Ethiopia,Google Play
❤️,5,2025-02-11,Commercial Bank of Ethiopia,Google Play
Can't even load our transaction history!!,1,2025-02-11,Commercial Bank of Ethiopia,Google Play
Good,5,2025-02-11,Commercial Bank of Ethiopia,Google Play
I am happy of this app,5,2025-02-11,Commercial Bank of Ethiopia,Google Play
"Great app, but try to include an access to water bill payment for places other than Adis Ababa & try top the app not to be inactive while developer option setting in Samsung phones is activated",4,2025-02-11,Commercial Bank of Ethiopia,Google Play
CBE,1,2025-02-11,Commercial Bank of Ethiopia,Google Play
Very good app,5,2025-02-10,Commercial Bank of Ethiopia,Google Play
Nice,5,2025-02-10,Commercial Bank of Ethiopia,Google Play
👍 good,5,2025-02-10,Commercial Bank of Ethiopia,Google Play
this app is very useful but sometimes when you want to see specific transactions it didn't work so that way i gave you 3,3,2025-02-10,Commercial Bank of Ethiopia,Google Play
It is stop working !,1,2025-02-10,Commercial Bank of Ethiopia,Google Play
It's not bad 👍,2,2025-02-10,Commercial Bank of Ethiopia,Google Play
Good,5,2025-02-10,Commercial Bank of Ethiopia,Google Play
It shut down without warning,1,2025-02-10,Commercial Bank of Ethiopia,Google Play
"Best app of the bank.But,when it needs apdate,customer must be notified in my point of view.Otherwise,customers saying ""Mobile banking is not working today"" is bad moto.",5,2025-02-10,Commercial Bank of Ethiopia,Google Play
I use this app all the time on my business but sometimes it is difficult to use in rural areas. because there is not enough network. so what if you prepared it for the public to use offline?,3,2025-02-09,Commercial Bank of Ethiopia,Google Play
So good 👍 👏,5,2025-02-09,Commercial Bank of Ethiopia,Google Play
This app is very interesting and simple to use.,5,2025-02-09,Commercial Bank of Ethiopia,Google Play
"Add customer service please other than calling 951. Why would you have a mobile app but not an online text-based customer service? Why? Disappointing And I will never use the top-up feature again, I have been trying to recharge my safaricom balance but your app would say time out and then credit my account but never recharge my balance, why? Where is my money? Do you expect me to call 951 at midnight?",2,2025-02-08,Commercial Bank of Ethiopia,Google Play
Nice,5,2025-02-08,Commercial Bank of Ethiopia,Google Play
Good,5,2025-02-08,Commercial Bank of Ethiopia,Google Play
"Smart and easy to use, i like this app",5,2025-02-08,Commercial Bank of Ethiopia,Google Play
በፊት ጥሩነበር አሁን ምኑን ነካችሁት ተበላሽቷል አይሰራም,1,2025-02-08,Commercial Bank of Ethiopia,Google Play
Nice,5,2025-02-08,Commercial Bank of Ethiopia,Google Play
Nice,5,2025-02-08,Commercial Bank of Ethiopia,Google Play
Ok,4,2025-02-08,Commercial Bank of Ethiopia,Google Play
Good app,5,2025-02-08,Commercial Bank of Ethiopia,Google Play
The best app I love it,5,2025-02-08,Commercial Bank of Ethiopia,Google Play
Is not useful,3,2025-02-08,Commercial Bank of Ethiopia,Google Play
Good,5,2025-02-08,Commercial Bank of Ethiopia,Google Play
It's ok,5,2025-02-08,Commercial Bank of Ethiopia,Google Play
Like,3,2025-02-08,Commercial Bank of Ethiopia,Google Play
It's good,5,2025-02-08,Commercial Bank of Ethiopia,Google Play
Thank you,5,2025-02-08,Commercial Bank of Ethiopia,Google Play
Its good service,4,2025-02-07,Commercial Bank of Ethiopia,Google Play
Recent transactions doesn't load properly sometimes . And also when transferring to someone sometimes it says failed and but already transferred which might cause to double transfer,1,2025-02-07,Commercial Bank of Ethiopia,Google Play
nice,5,2025-02-07,Commercial Bank of Ethiopia,Google Play
"It used to work properly, but not anymore. I used to use the app from abroad; but these days, it kept saying ""unable to connect"" when I tried to check my balance and do transactions.",1,2025-02-07,Commercial Bank of Ethiopia,Google Play
Awash birr pro,1,2025-02-07,Commercial Bank of Ethiopia,Google Play
It is a very important application.,5,2025-02-07,Commercial Bank of Ethiopia,Google Play
Good,3,2025-02-07,Commercial Bank of Ethiopia,Google Play
It crashes frequently,2,2025-02-07,Commercial Bank of Ethiopia,Google Play
Good,1,2025-02-07,Commercial Bank of Ethiopia,Google Play
Good,5,2025-02-07,Commercial Bank of Ethiopia,Google Play
አፕሊኬሽኑ ብዙ ግዜ ወደኋላ ይመልሳል,3,2025-02-07,Commercial Bank of Ethiopia,Google Play
Best,5,2025-02-07,Commercial Bank of Ethiopia,Google Play
To save my time best app to me i like this app tnx cbe !!!,5,2025-02-07,Commercial Bank of Ethiopia,Google Play
Nice,5,2025-02-06,Commercial Bank of Ethiopia,Google Play
ok,5,2025-02-06,Commercial Bank of Ethiopia,Google Play
Very nice,5,2025-02-06,Commercial Bank of Ethiopia,Google Play
"It is a shame not to appreciate the recent system improvements that the Commercial Bank of Ethiopia has been making, and I have no doubt that it will be different from this, InshaAllah. Another thing I would like to comment on is that the current method for transferring money to Telebir can own be sent to the person. So, it is possible to send money directly from the Commercial Bank to other banks. If you make it possible to transfer money directly to anyone, I would be very grateful.thank you",5,2025-02-06,Commercial Bank of Ethiopia,Google Play
Wow,5,2025-02-06,Commercial Bank of Ethiopia,Google Play
Comfortable,5,2025-02-06,Commercial Bank of Ethiopia,Google Play
Nice,5,2025-02-06,Commercial Bank of Ethiopia,Google Play
Help,5,2025-02-05,Commercial Bank of Ethiopia,Google Play
App keeps on crashing after the latest update. Failures are frequent.,3,2025-02-05,Commercial Bank of Ethiopia,Google Play
Best service,3,2025-02-05,Commercial Bank of Ethiopia,Google Play
I don't need to update this app,5,2025-02-05,Commercial Bank of Ethiopia,Google Play
good app,5,2025-02-05,Commercial Bank of Ethiopia,Google Play
Good work !! Thank you !,5,2025-02-05,Commercial Bank of Ethiopia,Google Play
Application Baay'ee Gaariidha . Hojii Keenya Salphisuu fi Yeroo Nuuf Qusachuu Keeysatti .... Waan Jajjabeeyfamuu Qabuudha !!!,5,2025-02-05,Commercial Bank of Ethiopia,Google Play
"After the new update I'm struggling to use this app,it suddenly crush or close automatically pls fix this problem",1,2025-02-05,Commercial Bank of Ethiopia,Google Play
Very fast and easy to use,5,2025-02-05,Commercial Bank of Ethiopia,Google Play
It is best application,5,2025-02-04,Commercial Bank of Ethiopia,Google Play
This apps amazing,5,2025-02-04,Commercial Bank of Ethiopia,Google Play
100%👍,5,2025-02-04,Commercial Bank of Ethiopia,Google Play
Very good app,5,2025-02-04,Commercial Bank of Ethiopia,Google Play
This App. Is just a Meaningful Application for our country..,5,2025-02-04,Commercial Bank of Ethiopia,Google Play
"This App Is Best and Fantastic Because easy to use, It has Best security Specially Two Specific Authentication so this security is not path unauthorized person to Our account History. Thankyou CBE For We give this service",5,2025-02-04,Commercial Bank of Ethiopia,Google Play
Good,5,2025-02-04,Commercial Bank of Ethiopia,Google Play
CBE,5,2025-02-04,Commercial Bank of Ethiopia,Google Play
The app is crashing several times it's really annoying and sometimes it's says failed during different operations ?????? Please fix it!?,1,2025-02-04,Commercial Bank of Ethiopia,Google Play
Good,5,2025-02-04,Commercial Bank of Ethiopia,Google Play
Ok,5,2025-02-04,Commercial Bank of Ethiopia,Google Play
Efficient,5,2025-02-04,Commercial Bank of Ethiopia,Google Play
ሰሞኑን እያሰቸገረ ነው እንጂ ቀላል እና ፈጣን,3,2025-02-04,Commercial Bank of Ethiopia,Google Play
Very good,5,2025-02-04,Commercial Bank of Ethiopia,Google Play
So nice,5,2025-02-03,Commercial Bank of Ethiopia,Google Play
Good,5,2025-02-03,Commercial Bank of Ethiopia,Google Play
New update new version not working,1,2025-02-03,Commercial Bank of Ethiopia,Google Play
that is good,5,2025-02-03,Commercial Bank of Ethiopia,Google Play
cbe,5,2025-02-03,Commercial Bank of Ethiopia,Google Play
"I have seen lots of great updates right here, especially the 2FA using the biometric security technique, I suggest you work on minimising app crashing due to the accumulation of cache, very little cache crash it.",4,2025-02-03,Commercial Bank of Ethiopia,Google Play
The Best mobile banking app in Ethiopia. Thanks CBE,5,2025-02-03,Commercial Bank of Ethiopia,Google Play
Best app,4,2025-02-03,Commercial Bank of Ethiopia,Google Play
Good,5,2025-02-03,Commercial Bank of Ethiopia,Google Play
Cbe,5,2025-02-03,Commercial Bank of Ethiopia,Google Play
Nice,5,2025-02-03,Commercial Bank of Ethiopia,Google Play
Too poor comparing to other countries.,1,2025-02-03,Commercial Bank of Ethiopia,Google Play
Tank,5,2025-02-03,Commercial Bank of Ethiopia,Google Play
Good,5,2025-02-03,Commercial Bank of Ethiopia,Google Play
Nice,5,2025-02-02,Commercial Bank of Ethiopia,Google Play
Wow,5,2025-02-02,Commercial Bank of Ethiopia,Google Play
Senà shelu,5,2025-02-02,Commercial Bank of Ethiopia,Google Play
it is not working,5,2025-02-02,Commercial Bank of Ethiopia,Google Play
Waww,1,2025-02-02,Commercial Bank of Ethiopia,Google Play
Nice,5,2025-02-02,Commercial Bank of Ethiopia,Google Play
It is good,5,2025-02-02,Commercial Bank of Ethiopia,Google Play
nice,5,2025-02-02,Commercial Bank of Ethiopia,Google Play
"I updated to the new version a while ago and it keeps crashing, maybe you can fix it.",3,2025-02-02,Commercial Bank of Ethiopia,Google Play
Simple good app,4,2025-02-02,Commercial Bank of Ethiopia,Google Play
"After the last two update, I am facing the worst experience with this app.",1,2025-02-02,Commercial Bank of Ethiopia,Google Play
Good,5,2025-02-01,Commercial Bank of Ethiopia,Google Play
Now it's crashing like crazy. It doesn't even open after a recent update.,1,2025-02-01,Commercial Bank of Ethiopia,Google Play
This app is so incredible,5,2025-02-01,Commercial Bank of Ethiopia,Google Play
Mobail banking is the letest tecnologi,5,2025-02-01,Commercial Bank of Ethiopia,Google Play
Best,5,2025-02-01,Commercial Bank of Ethiopia,Google Play
Easy to use,5,2025-02-01,Commercial Bank of Ethiopia,Google Play
without any reason it shows white screen and can't make transfers. Then when I went to branch then they reply go to the branch where you open your account.,1,2025-02-01,Commercial Bank of Ethiopia,Google Play
It used to be the best bank app in Ethiopia. But now using it is a terrible experience. For every transaction it shows an error message. Making a simple payment requires 5 to 6 trials to complete.,1,2025-01-31,Commercial Bank of Ethiopia,Google Play
it does not connect,1,2025-01-31,Commercial Bank of Ethiopia,Google Play
Good application,5,2025-01-31,Commercial Bank of Ethiopia,Google Play
The worst I had to flight back to fix my app it need you to go back every 4 month not reliable for foreigners,1,2025-01-31,Commercial Bank of Ethiopia,Google Play
This should run for worst app of the year,1,2025-01-31,Commercial Bank of Ethiopia,Google Play
Very bad,1,2025-01-31,Commercial Bank of Ethiopia,Google Play
Bad,1,2025-01-31,Commercial Bank of Ethiopia,Google Play
It is nice app!,4,2025-01-31,Commercial Bank of Ethiopia,Google Play
Very nice app,5,2025-01-31,Commercial Bank of Ethiopia,Google Play
"It's easy to use, but there is some problems sometimes when update the app in the network areas...",4,2025-01-31,Commercial Bank of Ethiopia,Google Play
No manage beneficiary for my app,1,2025-01-30,Commercial Bank of Ethiopia,Google Play
Its good but we need an option of choosing a specific period to get a historique of transactions. For example when i want to check my previous transactions i only get few transactions. Thank you.,2,2025-01-30,Commercial Bank of Ethiopia,Google Play
Very good mobile app,5,2025-01-30,Commercial Bank of Ethiopia,Google Play
Very nice,5,2025-01-30,Commercial Bank of Ethiopia,Google Play
Very Good,5,2025-01-30,Commercial Bank of Ethiopia,Google Play
"Something is wrong with the new update,it keep closing itself and i couldn't made an important transaction.",3,2025-01-30,Commercial Bank of Ethiopia,Google Play
The latest updates crushes repeatedly on my Redmi Note 12 pro plus. If you could correct the issue.,1,2025-01-30,Commercial Bank of Ethiopia,Google Play
thank you,5,2025-01-30,Commercial Bank of Ethiopia,Google Play
Not worek recipient !!,1,2025-01-29,Commercial Bank of Ethiopia,Google Play
Best application,5,2025-01-29,Commercial Bank of Ethiopia,Google Play
"I’ve been using the CBE mobile banking app, and overall, I appreciate its features. However, I’ve noticed that when I turn on the developer options on my device, the app stops functioning properly. It would be great if you could look into this issue, as I often need to access developer settings for other applications. Thank you for your attention to this matter!",1,2025-01-29,Commercial Bank of Ethiopia,Google Play
I like the app,5,2025-01-29,Commercial Bank of Ethiopia,Google Play
"If you are living outside of Ethiopia you better not deposit large money into your mobile account. It can kick you off any time for some small reasons and the only way you can recover is either to go to the bank in person or you need to have access to your phone which is impossible if you are living outside Ethiopia. The only option you will be left with is, you can't use your money. At least it would be better if you can recover your account using email or other verification ...",1,2025-01-29,Commercial Bank of Ethiopia,Google Play
Good app,5,2025-01-29,Commercial Bank of Ethiopia,Google Play
Number one,5,2025-01-29,Commercial Bank of Ethiopia,Google Play
Updating the app is must everytime they release it even to reload the transaction.,2,2025-01-29,Commercial Bank of Ethiopia,Google Play
These app is beast But the new update is great,5,2025-01-29,Commercial Bank of Ethiopia,Google Play
Bahilu ketema,2,2025-01-29,Commercial Bank of Ethiopia,Google Play
Ok,5,2025-01-29,Commercial Bank of Ethiopia,Google Play
Good,5,2025-01-29,Commercial Bank of Ethiopia,Google Play
It's easy and user friendly!,5,2025-01-29,Commercial Bank of Ethiopia,Google Play
Nice,5,2025-01-29,Commercial Bank of Ethiopia,Google Play
I love it,4,2025-01-29,Commercial Bank of Ethiopia,Google Play
It is helpful to save time and energy,5,2025-01-28,Commercial Bank of Ethiopia,Google Play
good app,1,2025-01-28,Commercial Bank of Ethiopia,Google Play
DIGITAL LEADER BANK IN ETHIOPIA CBE,5,2025-01-28,Commercial Bank of Ethiopia,Google Play
Turning off the developers' options :( This is getting out of hand. We don't need to go through that...,1,2025-01-28,Commercial Bank of Ethiopia,Google Play
Good,4,2025-01-28,Commercial Bank of Ethiopia,Google Play
🤙best,5,2025-01-28,Commercial Bank of Ethiopia,Google Play
Nice,4,2025-01-28,Commercial Bank of Ethiopia,Google Play
Good app,4,2025-01-28,Commercial Bank of Ethiopia,Google Play
Good,3,2025-01-28,Commercial Bank of Ethiopia,Google Play
😔,2,2025-01-28,Commercial Bank of Ethiopia,Google Play
I don't have an idea why our country soft wares needs some beroucracy?? How many peoples knew that about developer options N why is the new app forceing to disable that?? in my side i didn't get the apps as of b4.,1,2025-01-28,Commercial Bank of Ethiopia,Google Play
"BEST APP EVER,BUT WHEN CBE BE INTEGRATED WITH INTERNATIONAL TRANSFER",5,2025-01-28,Commercial Bank of Ethiopia,Google Play
Where ever you go no one is like cbe mobile banking.it's absolutely perfect,5,2025-01-28,Commercial Bank of Ethiopia,Google Play
"Does""nt give you a list of beneficieries.",2,2025-01-27,Commercial Bank of Ethiopia,Google Play
Great,5,2025-01-27,Commercial Bank of Ethiopia,Google Play
Good,5,2025-01-27,Commercial Bank of Ethiopia,Google Play
Ti,1,2025-01-27,Commercial Bank of Ethiopia,Google Play
Nice,5,2025-01-27,Commercial Bank of Ethiopia,Google Play
"trasaction history needs to be more,",2,2025-01-27,Commercial Bank of Ethiopia,Google Play
This app is more helpful and best,5,2025-01-27,Commercial Bank of Ethiopia,Google Play
I like it more the app cbe thank you !,5,2025-01-27,Commercial Bank of Ethiopia,Google Play
Best,5,2025-01-27,Commercial Bank of Ethiopia,Google Play
I like it,4,2025-01-27,Commercial Bank of Ethiopia,Google Play
Alert The device developer Mode is turned on. Please turn off Developer Mode from device settings and try again to use this app OK What is this ?,1,2025-01-27,Commercial Bank of Ethiopia,Google Play
Correct your order of incoming and outgoing birr,3,2025-01-27,Commercial Bank of Ethiopia,Google Play
Nice App,5,2025-01-27,Commercial Bank of Ethiopia,Google Play
Good,5,2025-01-26,Commercial Bank of Ethiopia,Google Play
Best application,5,2025-01-26,Commercial Bank of Ethiopia,Google Play
Nice,4,2025-01-26,Commercial Bank of Ethiopia,Google Play
Nice,5,2025-01-26,Commercial Bank of Ethiopia,Google Play
Good,5,2025-01-26,Commercial Bank of Ethiopia,Google Play
The apk doesn't work when the phones developer option is turned on. It always asks me to turn off the developer options to open the apk. Please fix it as it is unnecessary.,4,2025-01-26,Commercial Bank of Ethiopia,Google Play
Wow amazing app,4,2025-01-26,Commercial Bank of Ethiopia,Google Play
Woow app,2,2025-01-25,Commercial Bank of Ethiopia,Google Play
Wow 👌 👏,5,2025-01-25,Commercial Bank of Ethiopia,Google Play
Good,4,2025-01-25,Commercial Bank of Ethiopia,Google Play
Best App👌🏿,5,2025-01-25,Commercial Bank of Ethiopia,Google Play
"Why on earth is CBE telling me to turn off developer mode? As the name clearly states, it's for developers, not for CBE to dictate. There are countless financial apps out there that work just fine without demanding such an unnecessary restriction. If your app can’t handle developer mode, that’s a you problem. Fix your code instead of disabling features that have absolutely nothing to do with you.",2,2025-01-25,Commercial Bank of Ethiopia,Google Play
It keeps asking for an update recursively since the last update. What is going on??,2,2025-01-25,Commercial Bank of Ethiopia,Google Play
I donot want to update.,5,2025-01-25,Commercial Bank of Ethiopia,Google Play
The qr code scans must be backed to see the transfer is done and to use it easily,2,2025-01-25,Commercial Bank of Ethiopia,Google Play
Good,5,2025-01-25,Commercial Bank of Ethiopia,Google Play
"አፕልኬሽኑ የተላከልኝን ብር ቶሎ አያሳይም ። ከ 24 ሰዓት በላይ ይቆያል። ይህ ለቢዝነስ በጣም አስቸጋሪ ሆኖብኛል። መፍትሔ አላችሁ ? This application is too slow & inactive to notify & record transactions, & hence I faced difficulty using it for businesses. would you fix it?",1,2025-01-25,Commercial Bank of Ethiopia,Google Play
Nice app thanks cbe,5,2025-01-25,Commercial Bank of Ethiopia,Google Play
NICE,5,2025-01-25,Commercial Bank of Ethiopia,Google Play
Nice,5,2025-01-25,Commercial Bank of Ethiopia,Google Play
Good,5,2025-01-25,Commercial Bank of Ethiopia,Google Play
Nice,5,2025-01-25,Commercial Bank of Ethiopia,Google Play
I like it,5,2025-01-25,Commercial Bank of Ethiopia,Google Play
It is very nice to use,5,2025-01-25,Commercial Bank of Ethiopia,Google Play
Ok,5,2025-01-25,Commercial Bank of Ethiopia,Google Play
"the ""developer mode"" need to be fixed, it sucks",2,2025-01-25,Commercial Bank of Ethiopia,Google Play
"The app is simply trash, the only thing that's keeping them afloat is that the woods for the other Ethiopian banks is even trashier",1,2025-01-25,Commercial Bank of Ethiopia,Google Play
It very important app,5,2025-01-25,Commercial Bank of Ethiopia,Google Play
Data problems,1,2025-01-24,Commercial Bank of Ethiopia,Google Play
nice one,5,2025-01-24,Commercial Bank of Ethiopia,Google Play
Good,5,2025-01-24,Commercial Bank of Ethiopia,Google Play
Nice,5,2025-01-24,Commercial Bank of Ethiopia,Google Play
This app after update they ask verification .why they restricted for update?,5,2025-01-24,Commercial Bank of Ethiopia,Google Play
Best and ease to use,5,2025-01-24,Commercial Bank of Ethiopia,Google Play
thank you very much and we are very very happy with your service🥰,5,2025-01-24,Commercial Bank of Ethiopia,Google Play
Cbe is the leader bank in Ethiopia by digital payment system,5,2025-01-24,Commercial Bank of Ethiopia,Google Play
Like it,5,2025-01-24,Commercial Bank of Ethiopia,Google Play
it's not working properly,1,2025-01-24,Commercial Bank of Ethiopia,Google Play
Good app,5,2025-01-24,Commercial Bank of Ethiopia,Google Play
Make an option to send statement by email,1,2025-01-24,Commercial Bank of Ethiopia,Google Play
It is simple and very accurate system,1,2025-01-24,Commercial Bank of Ethiopia,Google Play
"I am happy for using CBE. How ever, i am happy we can not send money to other tele birr by this app. why???",5,2025-01-24,Commercial Bank of Ethiopia,Google Play
Why developer option is off ? Please remove this feature.,4,2025-01-24,Commercial Bank of Ethiopia,Google Play
CBE,5,2025-01-23,Commercial Bank of Ethiopia,Google Play
Nice,5,2025-01-23,Commercial Bank of Ethiopia,Google Play
Reminding me to update and pay every month,5,2025-01-23,Commercial Bank of Ethiopia,Google Play
Good,5,2025-01-23,Commercial Bank of Ethiopia,Google Play
its excellent app,5,2025-01-23,Commercial Bank of Ethiopia,Google Play
"After a recent update, this app stopped working with a message "" the developer turned off advanced ... etc.",3,2025-01-23,Commercial Bank of Ethiopia,Google Play
እብድ ባነክ፣ ይሄ ዝምብሎ Update ብቻ የሚለውን እና Update የማያደርገውን ሲስተማችሁን አስተካክሉት። አናዳጆች!,1,2025-01-23,Commercial Bank of Ethiopia,Google Play
I am students of accounting and finance when i graduate i wish to do in CBE thanks,5,2025-01-23,Commercial Bank of Ethiopia,Google Play
wow . what i can say thank you.,5,2025-01-23,Commercial Bank of Ethiopia,Google Play
